1091,16:06:36,4371,C,N,-0.93,27.06,0.03,0:01:47,0,0,0,0,FS_STANDBY,LS_CM,,,,,,,,,,,,,,,,,
1091,16:06:37,4372,C,N,0.08,27.09,0.03,0:01:48,0,0,0,0,FS_STANDBY,LS_CM,,,,,,,,,,,,,,,,,
1091,16:06:38,4373,C,N,0.68,27.09,0.03,0:01:49,0,0,0,0,FS_STANDBY,LS_CM,,,,,,,,,,,,,,,,,
1091,16:06:39,4374,C,N,0,27.13,0.03,0:01:50,0,0,0,0,FS_STANDBY,LS_CM,,,,,,,,,,,,,,,,,
1091,16:06:40,4375,C,N,1.02,27.14,0.03,0:01:51,0,0,0,0,FS_STANDBY,LS_CM,,,,,,,,,,,,,,,,,
1091,16:06:41,4376,C,N,0.25,27.16,0.03,0:01:52,0,0,0,0,FS_STANDBY,LS_CM,,,,,,,,,,,,,,,,,
1091,16:06:42,4377,C,N,-0.42,27.18,0.03,0:01:53,0,0,0,0,FS_STANDBY,LS_CM,,,,,,,,,,,,,,,,,
1091,16:06:43,4378,C,N,0.59,27.21,0.03,0:01:54,0,0,0,0,FS_STANDBY,LS_CM,,,,,,,,,,,,,,,,,
1091,16:06:44,4379,C,N,-0.08,27.21,0.03,0:01:55,0,0,0,0,FS_STANDBY,LS_CM,,,,,,,,,,,,,,,,,
1091,16:06:45,4380,C,N,0.51,27.25,0.03,0:01:56,0,0,0,0,FS_STANDBY,LS_CM,,,,,,,,,,,,,,,,,
1091,16:06:46,4381,C,N,0.17,27.26,0.03,0:01:57,0,0,0,0,FS_STANDBY,LS_CM,,,,,,,,,,,,,,,,,
1091,16:06:47,4382,C,N,0.76,27.28,0.03,0:01:58,0,0,0,0,FS_STANDBY,LS_CM,,,,,,,,,,,,,,,,,
1091,16:06:48,4383,C,N,0.42,27.3,0.03,0:01:59,0,0,0,0,FS_STANDBY,LS_CM,,,,,,,,,,,,,,,,,
1091,16:06:49,4384,C,N,1.1,27.31,0.03,0:02:00,0,0,0,0,FS_STANDBY,LS_CM,,,,,,,,,,,,,,,,,
1091,16:06:50,4385,C,N,0.76,27.33,0.03,0:02:01,0,0,0,0,FS_STANDBY,LS_CM,,,,,,,,,,,,,,,,,
1091,16:06:51,4386,C,N,0.42,27.35,0.03,0:02:02,0,0,0,0,FS_STANDBY,LS_CM,,,,,,,,,,,,,,,,,
1091,16:06:52,4387,C,N,0.68,27.38,0.03,0:02:03,0,0,0,0,FS_STANDBY,LS_CM,,,,,,,,,,,,,,,,,
1091,16:06:53,4388,C,N,0.34,27.4,0.03,0:02:04,0,0,0,0,FS_STANDBY,LS_CM,,,,,,,,,,,,,,,,,
1091,16:06:54,4389,C,N,0,27.42,0.03,0:02:05,0,0,0,0,FS_STANDBY,LS_CM,,,,,,,,,,,,,,,,,
1091,16:06:55,4390,C,N,0.59,27.43,0.03,0:02:06,0,0,0,0,FS_STANDBY,LS_CM,,,,,,,,,,,,,,,,,
1091,16:06:56,4391,C,N,1.27,27.45,0.04,0:02:07,0,0,0,0,FS_STANDBY,LS_CM,,,,,,,,,,,,,,,,,
1091,16:06:57,4392,C,N,0.51,27.47,0.03,0:02:08,0,0,0,0,FS_STANDBY,LS_CM,,,,,,,,,,,,,,,,,
1091,16:06:58,4393,C,N,0.17,27.49,0.03,0:02:09,0,0,0,0,FS_STANDBY,LS_CM,,,,,,,,,,,,,,,,,
1091,16:06:59,4394,C,N,-0.17,27.52,0.03,0:02:10,0,0,0,0,FS_STANDBY,LS_CM,,,,,,,,,,,,,,,,,
1091,16:07:04,4395,C,N,-0.51,27.54,0.03,0:02:15,0,0,0,0,FS_STANDBY,LS_CM,,,,,,,,,,,,,,,,,
1091,16:07:05,4396,C,N,1.36,27.37,0.03,0:02:16,0,0,0,0,FS_STANDBY,LS_CM,,,,,,,,,,,,,,,,,
1091,16:07:06,4397,C,N,1.95,27.38,0.03,0:02:17,0,0,0,0,FS_STANDBY,LS_CM,,,,,,,,,,,,,,,,,
1091,16:07:07,4398,C,N,0.68,27.4,0.03,0:02:18,0,0,0,0,FS_STANDBY,LS_CM,,,,,,,,,,,,,,,,,
1091,16:07:08,4399,C,N,0.93,27.4,0.03,0:02:19,0,0,0,0,FS_STANDBY,LS_CM,,,,,,,,,,,,,,,,,
1091,16:07:09,4400,C,N,1.61,27.43,0.03,0:02:20,0,0,0,0,FS_STANDBY,LS_CM,,,,,,,,,,,,,,,,,
1091,16:07:10,4401,C,N,0.25,27.45,0.03,0:02:21,0,0,0,0,FS_STANDBY,LS_CM,,,,,,,,,,,,,,,,,
1091,16:07:11,4402,C,N,1.87,27.47,0.03,0:02:22,0,0,0,0,FS_STANDBY,LS_CM,,,,,,,,,,,,,,,,,
1091,16:07:12,4403,C,N,1.53,27.5,0.03,0:02:23,0,0,0,0,FS_STANDBY,LS_CM,,,,,,,,,,,,,,,,,
1091,16:07:13,4404,C,N,0.85,27.52,0.03,0:02:24,0,0,0,0,FS_STANDBY,LS_CM,,,,,,,,,,,,,,,,,
1091,16:07:14,4405,C,N,0.51,27.54,0.03,0:02:25,0,0,0,0,FS_STANDBY,LS_CM,,,,,,,,,,,,,,,,,
1091,16:07:15,4406,C,N,1.1,27.55,0.03,0:02:26,0,0,0,0,FS_STANDBY,LS_CM,,,,,,,,,,,,,,,,,
1091,16:07:16,4407,C,N,0.76,27.57,0.03,0:02:27,0,0,0,0,FS_STANDBY,LS_CM,,,,,,,,,,,,,,,,,
1091,16:07:17,4408,C,N,1.44,27.6,0.03,0:02:28,0,0,0,0,FS_STANDBY,LS_CM,,,,,,,,,,,,,,,,,
1091,16:07:18,4409,C,N,0.68,27.62,0.03,0:02:29,0,0,0,0,FS_STANDBY,LS_CM,,,,,,,,,,,,,,,,,
1091,16:07:19,4410,C,N,1.36,27.64,0.03,0:02:30,0,0,0,0,FS_STANDBY,LS_CM,,,,,,,,,,,,,,,,,
1091,16:07:20,4411,C,N,1.02,27.66,0.03,0:02:31,0,0,0,0,FS_STANDBY,LS_CM,,,,,,,,,,,,,,,,,
1091,16:07:21,4412,C,N,1.61,27.67,0.03,0:02:32,0,0,0,0,FS_STANDBY,LS_CM,,,,,,,,,,,,,,,,,
1091,16:07:22,4413,C,N,0.93,27.71,0.03,0:02:33,0,0,0,0,FS_STANDBY,LS_CM,,,,,,,,,,,,,,,,,
1091,16:07:23,4414,C,N,-0.42,27.72,0.03,0:02:34,0,0,0,0,FS_STANDBY,LS_CM,,,,,,,,,,,,,,,,,
1091,16:07:24,4415,C,N,1.19,27.74,0.03,0:02:35,0,0,0,0,FS_STANDBY,LS_CM,,,,,,,,,,,,,,,,,
1091,16:07:25,4416,C,N,1.87,27.76,0.03,0:02:36,0,0,0,0,FS_STANDBY,LS_CM,,,,,,,,,,,,,,,,,
1091,16:07:26,4417,C,N,1.53,27.79,0.03,0:02:37,0,0,0,0,FS_STANDBY,LS_CM,,,,,,,,,,,,,,,,,
1091,16:07:27,4418,C,N,0.85,27.81,0.03,0:02:38,0,0,0,0,FS_STANDBY,LS_CM,,,,,,,,,,,,,,,,,
1091,16:07:28,4419,C,N,1.44,27.84,0.03,0:02:39,0,0,0,0,FS_STANDBY,LS_CM,,,,,,,,,,,,,,,,,
1091,16:07:29,4420,C,N,0.76,27.86,0.03,0:02:40,0,0,0,0,FS_STANDBY,LS_CM,,,,,,,,,,,,,,,,,
1091,16:07:30,4421,C,N,1.36,27.88,0.03,0:02:41,0,0,0,0,FS_STANDBY,LS_CM,,,,,,,,,,,,,,,,,
1091,16:07:31,4422,C,N,1.02,27.89,0.03,0:02:42,0,0,0,0,FS_STANDBY,LS_CM,,,,,,,,,,,,,,,,,
1091,16:07:32,4423,C,N,0.68,27.91,0.03,0:02:43,0,0,0,0,FS_STANDBY,LS_CM,,,,,,,,,,,,,,,,,
1091,16:07:33,4424,C,N,1.02,27.93,0.03,0:02:44,0,0,0,0,FS_STANDBY,LS_CM,,,,,,,,,,,,,,,,,
1091,16:07:34,4425,C,N,0.68,27.96,0.03,0:02:45,0,0,0,0,FS_STANDBY,LS_CM,,,,,,,,,,,,,,,,,
1091,16:07:35,4426,C,N,-0.08,27.98,0.03,0:02:46,0,0,0,0,FS_STANDBY,LS_CM,,,,,,,,,,,,,,,,,
1091,16:07:36,4427,C,N,0.93,28,0.03,0:02:47,0,0,0,0,FS_STANDBY,LS_CM,,,,,,,,,,,,,,,,,
1091,16:07:37,4428,C,N,0.59,28.03,0.03,0:02:48,0,0,0,0,FS_STANDBY,LS_CM,,,,,,,,,,,,,,,,,
1091,16:07:38,4429,C,N,0.85,28.03,0.03,0:02:49,0,0,0,0,FS_STANDBY,LS_CM,,,,,,,,,,,,,,,,,
1091,16:07:39,4430,C,N,-0.08,28.05,0.03,0:02:50,0,0,0,0,FS_STANDBY,LS_CM,,,,,,,,,,,,,,,,,
1091,16:07:40,4431,C,N,1.53,28.08,0.03,0:02:51,0,0,0,0,FS_STANDBY,LS_CM,,,,,,,,,,,,,,,,,
1091,16:07:41,4432,C,N,2.12,28.1,0.03,0:02:52,0,0,0,0,FS_STANDBY,LS_CM,,,,,,,,,,,,,,,,,
1091,16:07:42,4433,C,N,0.51,28.12,0.03,0:02:53,0,0,0,0,FS_STANDBY,LS_CM,,,,,,,,,,,,,,,,,
1091,16:07:43,4434,C,N,1.1,28.13,0.03,0:02:54,0,0,0,0,FS_STANDBY,LS_CM,,,,,,,,,,,,,,,,,
1091,16:07:44,4435,C,N,0.76,28.15,0.03,0:02:55,0,0,0,0,FS_STANDBY,LS_CM,,,,,,,,,,,,,,,,,
1091,16:07:45,4436,C,N,0.42,28.17,0.03,0:02:56,0,0,0,0,FS_STANDBY,LS_CM,,,,,,,,,,,,,,,,,
1091,16:07:46,4437,C,N,1.02,28.2,0.04,0:02:57,0,0,0,0,FS_STANDBY,LS_CM,,,,,,,,,,,,,,,,,
1091,16:07:47,4438,C,N,1.36,28.22,0.03,0:02:58,0,0,0,0,FS_STANDBY,LS_CM,,,,,,,,,,,,,,,,,
1091,16:07:48,4439,C,N,1.02,28.24,0.03,0:02:59,0,0,0,0,FS_STANDBY,LS_CM,,,,,,,,,,,,,,,,,
1091,16:07:49,4440,C,N,0.68,28.25,0.03,0:03:00,0,0,0,0,FS_STANDBY,LS_CM,,,,,,,,,,,,,,,,,
1091,16:07:50,4441,C,N,1.27,28.27,0.03,0:03:01,0,0,0,0,FS_STANDBY,LS_CM,,,,,,,,,,,,,,,,,
1091,16:07:51,4442,C,N,0.93,28.29,0.03,0:03:02,0,0,0,0,FS_STANDBY,LS_CM,,,,,,,,,,,,,,,,,
1091,16:07:52,4443,C,N,1.53,28.3,0.03,0:03:03,0,0,0,0,FS_STANDBY,LS_CM,,,,,,,,,,,,,,,,,
1091,16:07:53,4444,C,N,1.19,28.32,0.03,0:03:04,0,0,0,0,FS_STANDBY,LS_CM,,,,,,,,,,,,,,,,,
1091,16:07:54,4445,C,N,0.51,28.36,0.03,0:03:05,0,0,0,0,FS_STANDBY,LS_CM,,,,,,,,,,,,,,,,,
1091,16:07:55,4446,C,N,1.53,28.37,0.03,0:03:06,0,0,0,0,FS_STANDBY,LS_CM,,,,,,,,,,,,,,,,,
1091,16:07:56,4447,C,N,0.17,28.37,0.03,0:03:07,0,0,0,0,FS_STANDBY,LS_CM,,,,,,,,,,,,,,,,,
1091,16:07:57,4448,C,N,0.85,28.41,0.03,0:03:08,0,0,0,0,FS_STANDBY,LS_CM,,,,,,,,,,,,,,,,,
1091,16:07:58,4449,C,N,1.44,28.41,0.03,0:03:09,0,0,0,0,FS_STANDBY,LS_CM,,,,,,,,,,,,,,,,,
1091,16:07:59,4450,C,N,1.1,28.42,0.03,0:03:10,0,0,0,0,FS_STANDBY,LS_CM,,,,,,,,,,,,,,,,,
1091,16:08:00,4451,C,N,0.42,28.44,0.03,0:03:11,0,0,0,0,FS_STANDBY,LS_CM,,,,,,,,,,,,,,,,,
1091,16:08:01,4452,C,N,0.42,28.46,0.03,0:03:12,0,0,0,0,FS_STANDBY,LS_CM,,,,,,,,,,,,,,,,,
1091,16:08:02,4453,C,N,0.08,28.48,0.03,0:03:13,0,0,0,0,FS_STANDBY,LS_CM,,,,,,,,,,,,,,,,,
1091,16:08:03,4454,C,N,-0.25,28.49,0.03,0:03:14,0,0,0,0,FS_STANDBY,LS_CM,,,,,,,,,,,,,,,,,
1091,16:08:04,4455,C,N,-0.25,28.49,0.03,0:03:15,0,0,0,0,FS_STANDBY,LS_CM,,,,,,,,,,,,,,,,,
1091,16:08:05,4456,C,N,0,28.51,0.03,0:03:16,0,0,0,0,FS_STANDBY,LS_CM,,,,,,,,,,,,,,,,,
1091,16:08:06,4457,C,N,0,28.54,0.03,0:03:17,0,0,0,0,FS_STANDBY,LS_CM,,,,,,,,,,,,,,,,,
1091,16:08:07,4458,C,N,-0.34,28.54,0.03,0:03:18,0,0,0,0,FS_STANDBY,LS_CM,,,,,,,,,,,,,,,,,
1091,16:08:08,4459,C,N,0.34,28.58,0.03,0:03:19,0,0,0,0,FS_STANDBY,LS_CM,,,,,,,,,,,,,,,,,
1091,16:08:09,4460,C,N,0,28.58,0.03,0:03:20,0,0,0,0,FS_STANDBY,LS_CM,,,,,,,,,,,,,,,,,
1091,16:08:10,4461,C,N,-1.7,28.61,0.03,0:03:21,0,0,0,0,FS_STANDBY,LS_CM,,,,,,,,,,,,,,,,,
1091,16:08:11,4462,C,N,1.19,28.61,0.03,0:03:22,0,0,0,0,FS_STANDBY,LS_CM,,,,,,,,,,,,,,,,,
1091,16:08:12,4463,C,N,-0.08,28.63,0.03,0:03:23,0,0,0,0,FS_STANDBY,LS_CM,,,,,,,,,,,,,,,,,
1091,16:08:13,4464,C,N,-0.76,28.66,0.03,0:03:24,0,0,0,0,FS_STANDBY,LS_CM,,,,,,,,,,,,,,,,,
1091,16:08:14,4465,C,N,0.17,28.66,0.03,0:03:25,0,0,0,0,FS_STANDBY,LS_CM,,,,,,,,,,,,,,,,,
1091,16:08:15,4466,C,N,-1.1,28.68,0.03,0:03:26,0,0,0,0,FS_STANDBY,LS_CM,,,,,,,,,,,,,,,,,
1091,16:08:16,4467,C,N,-0.51,28.7,0.03,0:03:27,0,0,0,0,FS_STANDBY,LS_CM,,,,,,,,,,,,,,,,,
1091,16:08:17,4468,C,N,0.17,28.7,0.03,0:03:28,0,0,0,0,FS_STANDBY,LS_CM,,,,,,,,,,,,,,,,,
1091,16:08:18,4469,C,N,-0.17,28.73,0.03,0:03:29,0,0,0,0,FS_STANDBY,LS_CM,,,,,,,,,,,,,,,,,
1091,16:08:19,4470,C,N,-0.59,28.73,0.03,0:03:30,0,0,0,0,FS_STANDBY,LS_CM,,,,,,,,,,,,,,,,,
1091,16:08:20,4471,C,N,0.08,28.75,0.03,0:03:31,0,0,0,0,FS_STANDBY,LS_CM,,,,,,,,,,,,,,,,,
1091,16:08:21,4472,C,N,-0.93,28.77,0.03,0:03:32,0,0,0,0,FS_STANDBY,LS_CM,,,,,,,,,,,,,,,,,
1091,16:08:22,4473,C,N,0.68,28.78,0.03,0:03:33,0,0,0,0,FS_STANDBY,LS_CM,,,,,,,,,,,,,,,,,
1091,16:08:23,4474,C,N,-1.61,28.8,0.03,0:03:34,0,0,0,0,FS_STANDBY,LS_CM,,,,,,,,,,,,,,,,,
1091,16:08:24,4475,C,N,-0.93,28.82,0.03,0:03:35,0,0,0,0,FS_STANDBY,LS_CM,,,,,,,,,,,,,,,,,
1091,16:08:25,4476,C,N,-0.34,28.82,0.03,0:03:36,0,0,0,0,FS_STANDBY,LS_CM,,,,,,,,,,,,,,,,,
1091,16:08:26,4477,C,N,-0.34,28.85,0.03,0:03:37,0,0,0,0,FS_STANDBY,LS_CM,,,,,,,,,,,,,,,,,
1091,16:08:27,4478,C,N,-0.68,28.85,0.03,0:03:38,0,0,0,0,FS_STANDBY,LS_CM,,,,,,,,,,,,,,,,,
1091,16:08:28,4479,C,N,-1.02,28.87,0.03,0:03:39,0,0,0,0,FS_STANDBY,LS_CM,,,,,,,,,,,,,,,,,
1091,16:08:29,4480,C,N,-0.34,28.88,0.03,0:03:40,0,0,0,0,FS_STANDBY,LS_CM,,,,,,,,,,,,,,,,,
1091,16:08:30,4481,C,N,0.25,28.9,0.03,0:03:41,0,0,0,0,FS_STANDBY,LS_CM,,,,,,,,,,,,,,,,,
1091,16:08:31,4482,C,N,-0.08,28.92,0.03,0:03:42,0,0,0,0,FS_STANDBY,LS_CM,,,,,,,,,,,,,,,,,
1091,16:08:32,4483,C,N,-0.08,28.94,0.03,0:03:43,0,0,0,0,FS_STANDBY,LS_CM,,,,,,,,,,,,,,,,,
1091,16:08:33,4484,C,N,-0.76,28.94,0.03,0:03:44,0,0,0,0,FS_STANDBY,LS_CM,,,,,,,,,,,,,,,,,
1091,16:08:34,4485,C,N,-0.17,28.97,0.03,0:03:45,0,0,0,0,FS_STANDBY,LS_CM,,,,,,,,,,,,,,,,,
1091,16:08:35,4486,C,N,-0.17,28.99,0.03,0:03:46,0,0,0,0,FS_STANDBY,LS_CM,,,,,,,,,,,,,,,,,
1091,16:08:36,4487,C,N,-0.51,28.99,0.03,0:03:47,0,0,0,0,FS_STANDBY,LS_CM,,,,,,,,,,,,,,,,,
1091,16:08:37,4488,C,N,-0.85,29,0.03,0:03:48,0,0,0,0,FS_STANDBY,LS_CM,,,,,,,,,,,,,,,,,
1091,16:08:38,4489,C,N,-0.17,29.02,0.03,0:03:49,0,0,0,0,FS_STANDBY,LS_CM,,,,,,,,,,,,,,,,,
1091,16:08:39,4490,C,N,-0.17,29.02,0.03,0:03:50,0,0,0,0,FS_STANDBY,LS_CM,,,,,,,,,,,,,,,,,
1091,16:08:40,4491,C,N,-0.51,29.04,0.03,0:03:51,0,0,0,0,FS_STANDBY,LS_CM,,,,,,,,,,,,,,,,,
1091,16:08:41,4492,C,N,0.08,29.06,0.03,0:03:52,0,0,0,0,FS_STANDBY,LS_CM,,,,,,,,,,,,,,,,,
1091,16:08:42,4493,C,N,-0.25,29.07,0.03,0:03:53,0,0,0,0,FS_STANDBY,LS_CM,,,,,,,,,,,,,,,,,
1091,16:08:43,4494,C,N,-0.59,29.09,0.03,0:03:54,0,0,0,0,FS_STANDBY,LS_CM,,,,,,,,,,,,,,,,,
1091,16:08:44,4495,C,N,0.08,29.09,0.03,0:03:55,0,0,0,0,FS_STANDBY,LS_CM,,,,,,,,,,,,,,,,,
1091,16:08:45,4496,C,N,-0.93,29.11,0.03,0:03:56,0,0,0,0,FS_STANDBY,LS_CM,,,,,,,,,,,,,,,,,
1091,16:08:46,4497,C,N,-0.34,29.12,0.03,0:03:57,0,0,0,0,FS_STANDBY,LS_CM,,,,,,,,,,,,,,,,,
1091,16:08:47,4498,C,N,0.34,29.14,0.03,0:03:58,0,0,0,0,FS_STANDBY,LS_CM,,,,,,,,,,,,,,,,,
1091,16:08:48,4499,C,N,0.34,29.14,0.03,0:03:59,0,0,0,0,FS_STANDBY,LS_CM,,,,,,,,,,,,,,,,,
1091,16:08:49,4500,C,N,-1.02,29.16,0.03,0:04:00,0,0,0,0,FS_STANDBY,LS_CM,,,,,,,,,,,,,,,,,
1091,16:08:50,4501,C,N,-1.36,29.17,0.03,0:04:01,0,0,0,0,FS_STANDBY,LS_CM,,,,,,,,,,,,,,,,,
1091,16:08:51,4502,C,N,-0.68,29.19,0.03,0:04:02,0,0,0,0,FS_STANDBY,LS_CM,,,,,,,,,,,,,,,,,
1091,16:08:52,4503,C,N,-1.02,29.19,0.03,0:04:03,0,0,0,0,FS_STANDBY,LS_CM,,,,,,,,,,,,,,,,,
1091,16:08:53,4504,C,N,-0.08,29.21,0.03,0:04:04,0,0,0,0,FS_STANDBY,LS_CM,,,,,,,,,,,,,,,,,
1091,16:08:54,4505,C,N,-0.42,29.23,0.03,0:04:05,0,0,0,0,FS_STANDBY,LS_CM,,,,,,,,,,,,,,,,,
1091,16:08:55,4506,C,N,-0.42,29.24,0.03,0:04:06,0,0,0,0,FS_STANDBY,LS_CM,,,,,,,,,,,,,,,,,
1091,16:08:56,4507,C,N,-1.1,29.26,0.03,0:04:07,0,0,0,0,FS_STANDBY,LS_CM,,,,,,,,,,,,,,,,,
1091,16:08:57,4508,C,N,-0.08,29.26,0.03,0:04:08,0,0,0,0,FS_STANDBY,LS_CM,,,,,,,,,,,,,,,,,
1091,16:08:58,4509,C,N,-1.1,29.28,0.03,0:04:09,0,0,0,0,FS_STANDBY,LS_CM,,,,,,,,,,,,,,,,,
1091,16:08:59,4510,C,N,0.17,29.29,0.03,0:04:10,0,0,0,0,FS_STANDBY,LS_CM,,,,,,,,,,,,,,,,,
1091,16:09:00,4511,C,N,-0.76,29.29,0.03,0:04:11,0,0,0,0,FS_STANDBY,LS_CM,,,,,,,,,,,,,,,,,
1091,16:09:01,4512,C,N,-0.17,29.31,0.03,0:04:12,0,0,0,0,FS_STANDBY,LS_CM,,,,,,,,,,,,,,,,,
1091,16:09:02,4513,C,N,-0.51,29.33,0.03,0:04:13,0,0,0,0,FS_STANDBY,LS_CM,,,,,,,,,,,,,,,,,
1091,16:09:03,4514,C,N,0.42,29.33,0.03,0:04:14,0,0,0,0,FS_STANDBY,LS_CM,,,,,,,,,,,,,,,,,
1091,16:09:04,4515,C,N,-0.85,29.35,0.03,0:04:15,0,0,0,0,FS_STANDBY,LS_CM,,,,,,,,,,,,,,,,,
1091,16:09:05,4516,C,N,0.08,29.36,0.03,0:04:16,0,0,0,0,FS_STANDBY,LS_CM,,,,,,,,,,,,,,,,,
1091,16:09:06,4517,C,N,-0.59,29.36,0.03,0:04:17,0,0,0,0,FS_STANDBY,LS_CM,,,,,,,,,,,,,,,,,
1091,16:09:07,4518,C,N,-0.59,29.4,0.03,0:04:18,0,0,0,0,FS_STANDBY,LS_CM,,,,,,,,,,,,,,,,,
1091,16:09:08,4519,C,N,0.08,29.4,0.03,0:04:19,0,0,0,0,FS_STANDBY,LS_CM,,,,,,,,,,,,,,,,,
1091,16:09:09,4520,C,N,-0.25,29.4,0.03,0:04:20,0,0,0,0,FS_STANDBY,LS_CM,,,,,,,,,,,,,,,,,
1091,16:09:10,4521,C,N,-0.25,29.43,0.03,0:04:21,0,0,0,0,FS_STANDBY,LS_CM,,,,,,,,,,,,,,,,,
1091,16:09:11,4522,C,N,-0.59,29.43,0.03,0:04:22,0,0,0,0,FS_STANDBY,LS_CM,,,,,,,,,,,,,,,,,
1091,16:09:12,4523,C,N,0,29.45,0.03,0:04:23,0,0,0,0,FS_STANDBY,LS_CM,,,,,,,,,,,,,,,,,
1091,16:09:13,4524,C,N,0,29.45,0.03,0:04:24,0,0,0,0,FS_STANDBY,LS_CM,,,,,,,,,,,,,,,,,
1091,16:09:14,4525,C,N,-0.34,29.45,0.03,0:04:25,0,0,0,0,FS_STANDBY,LS_CM,,,,,,,,,,,,,,,,,
1091,16:09:15,4526,C,N,-0.34,29.48,0.03,0:04:26,0,0,0,0,FS_STANDBY,LS_CM,,,,,,,,,,,,,,,,,
1091,16:09:16,4527,C,N,0.68,29.48,0.03,0:04:27,0,0,0,0,FS_STANDBY,LS_CM,,,,,,,,,,,,,,,,,
1091,16:09:17,4528,C,N,0.34,29.5,0.03,0:04:28,0,0,0,0,FS_STANDBY,LS_CM,,,,,,,,,,,,,,,,,
1091,16:09:18,4529,C,N,0.34,29.5,0.03,0:04:29,0,0,0,0,FS_STANDBY,LS_CM,,,,,,,,,,,,,,,,,
1091,16:09:19,4530,C,N,-0.34,29.52,0.03,0:04:30,0,0,0,0,FS_STANDBY,LS_CM,,,,,,,,,,,,,,,,,
1091,16:09:20,4531,C,N,0.59,29.52,0.03,0:04:31,0,0,0,0,FS_STANDBY,LS_CM,,,,,,,,,,,,,,,,,
1091,16:09:21,4532,C,N,-0.76,29.53,0.03,0:04:32,0,0,0,0,FS_STANDBY,LS_CM,,,,,,,,,,,,,,,,,
1091,16:09:22,4533,C,N,-0.76,29.55,0.03,0:04:33,0,0,0,0,FS_STANDBY,LS_CM,,,,,,,,,,,,,,,,,
1091,16:09:23,4534,C,N,-0.08,29.53,0.03,0:04:34,0,0,0,0,FS_STANDBY,LS_CM,,,,,,,,,,,,,,,,,
1091,16:09:24,4535,C,N,-0.08,29.57,0.03,0:04:35,0,0,0,0,FS_STANDBY,LS_CM,,,,,,,,,,,,,,,,,
1091,16:09:25,4536,C,N,0.51,29.57,0.03,0:04:36,0,0,0,0,FS_STANDBY,LS_CM,,,,,,,,,,,,,,,,,
1091,16:09:26,4537,C,N,-0.76,29.58,0.03,0:04:37,0,0,0,0,FS_STANDBY,LS_CM,,,,,,,,,,,,,,,,,
1091,16:09:27,4538,C,N,0.17,29.58,0.03,0:04:38,0,0,0,0,FS_STANDBY,LS_CM,,,,,,,,,,,,,,,,,
1091,16:09:28,4539,C,N,-0.17,29.6,0.03,0:04:39,0,0,0,0,FS_STANDBY,LS_CM,,,,,,,,,,,,,,,,,
1091,16:09:29,4540,C,N,-1.1,29.6,0.03,0:04:40,0,0,0,0,FS_STANDBY,LS_CM,,,,,,,,,,,,,,,,,
1091,16:09:30,4541,C,N,0.51,29.64,0.03,0:04:41,0,0,0,0,FS_STANDBY,LS_CM,,,,,,,,,,,,,,,,,
1091,16:09:31,4542,C,N,1.44,29.64,0.03,0:04:42,0,0,0,0,FS_STANDBY,LS_CM,,,,,,,,,,,,,,,,,
1091,16:09:32,4543,C,N,0.17,29.64,0.03,0:04:43,0,0,0,0,FS_STANDBY,LS_CM,,,,,,,,,,,,,,,,,
1091,16:09:33,4544,C,N,-0.17,29.65,0.03,0:04:44,0,0,0,0,FS_STANDBY,LS_CM,,,,,,,,,,,,,,,,,
1091,16:09:34,4545,C,N,-1.19,29.65,0.03,0:04:45,0,0,0,0,FS_STANDBY,LS_CM,,,,,,,,,,,,,,,,,
1091,16:09:35,4546,C,N,-0.51,29.67,0.03,0:04:46,0,0,0,0,FS_STANDBY,LS_CM,,,,,,,,,,,,,,,,,
1091,16:09:36,4547,C,N,0.42,29.67,0.03,0:04:47,0,0,0,0,FS_STANDBY,LS_CM,,,,,,,,,,,,,,,,,
1091,16:09:37,4548,C,N,0.08,29.7,0.03,0:04:48,0,0,0,0,FS_STANDBY,LS_CM,,,,,,,,,,,,,,,,,
1091,16:09:38,4549,C,N,0.76,29.69,0.03,0:04:49,0,0,0,0,FS_STANDBY,LS_CM,,,,,,,,,,,,,,,,,
1091,16:09:39,4550,C,N,-0.25,29.7,0.03,0:04:50,0,0,0,0,FS_STANDBY,LS_CM,,,,,,,,,,,,,,,,,
1091,16:09:40,4551,C,N,-0.59,29.72,0.03,0:04:51,0,0,0,0,FS_STANDBY,LS_CM,,,,,,,,,,,,,,,,,
1091,16:09:41,4552,C,N,-0.59,29.74,0.03,0:04:52,0,0,0,0,FS_STANDBY,LS_CM,,,,,,,,,,,,,,,,,
1091,16:09:42,4553,C,N,-0.93,29.74,0.03,0:04:53,0,0,0,0,FS_STANDBY,LS_CM,,,,,,,,,,,,,,,,,
1091,16:09:43,4554,C,N,0.08,29.76,0.03,0:04:54,0,0,0,0,FS_STANDBY,LS_CM,,,,,,,,,,,,,,,,,
1091,16:09:44,4555,C,N,-0.25,29.76,0.03,0:04:55,0,0,0,0,FS_STANDBY,LS_CM,,,,,,,,,,,,,,,,,
1091,16:09:45,4556,C,N,-0.59,29.77,0.03,0:04:56,0,0,0,0,FS_STANDBY,LS_CM,,,,,,,,,,,,,,,,,
1091,16:09:46,4557,C,N,-1.02,29.77,0.03,0:04:57,0,0,0,0,FS_STANDBY,LS_CM,,,,,,,,,,,,,,,,,
1091,16:09:47,4558,C,N,0.34,29.77,0.03,0:04:58,0,0,0,0,FS_STANDBY,LS_CM,,,,,,,,,,,,,,,,,
1091,16:09:48,4559,C,N,-0.34,29.79,0.04,0:04:59,0,0,0,0,FS_STANDBY,LS_CM,,,,,,,,,,,,,,,,,
1091,16:09:49,4560,C,N,-0.34,29.81,0.03,0:05:00,0,0,0,0,FS_STANDBY,LS_CM,,,,,,,,,,,,,,,,,
1091,16:09:50,4561,C,N,0.68,29.81,0.03,0:05:01,0,0,0,0,FS_STANDBY,LS_CM,,,,,,,,,,,,,,,,,
1091,16:09:51,4562,C,N,0.25,29.82,0.03,0:05:02,0,0,0,0,FS_STANDBY,LS_CM,,,,,,,,,,,,,,,,,
1091,16:09:52,4563,C,N,0.25,29.84,0.03,0:05:03,0,0,0,0,FS_STANDBY,LS_CM,,,,,,,,,,,,,,,,,
1091,16:09:53,4564,C,N,-0.08,29.84,0.03,0:05:04,0,0,0,0,FS_STANDBY,LS_CM,,,,,,,,,,,,,,,,,
1091,16:09:54,4565,C,N,-0.08,29.86,0.03,0:05:05,0,0,0,0,FS_STANDBY,LS_CM,,,,,,,,,,,,,,,,,
1091,16:09:55,4566,C,N,-0.42,29.86,0.03,0:05:06,0,0,0,0,FS_STANDBY,LS_CM,,,,,,,,,,,,,,,,,
1091,16:09:56,4567,C,N,0.59,29.87,0.03,0:05:07,0,0,0,0,FS_STANDBY,LS_CM,,,,,,,,,,,,,,,,,
1091,16:09:57,4568,C,N,0.25,29.87,0.03,0:05:08,0,0,0,0,FS_STANDBY,LS_CM,,,,,,,,,,,,,,,,,
1091,16:09:58,4569,C,N,-0.08,29.89,0.03,0:05:09,0,0,0,0,FS_STANDBY,LS_CM,,,,,,,,,,,,,,,,,
1091,16:09:59,4570,C,N,-0.08,29.89,0.03,0:05:10,0,0,0,0,FS_STANDBY,LS_CM,,,,,,,,,,,,,,,,,
1091,16:10:00,4571,C,N,-0.42,29.91,0.03,0:05:11,0,0,0,0,FS_STANDBY,LS_CM,,,,,,,,,,,,,,,,,
1091,16:10:01,4572,C,N,-0.42,29.91,0.03,0:05:12,0,0,0,0,FS_STANDBY,LS_CM,,,,,,,,,,,,,,,,,
1091,16:10:02,4573,C,N,-1.44,29.93,0.03,0:05:13,0,0,0,0,FS_STANDBY,LS_CM,,,,,,,,,,,,,,,,,
1091,16:10:03,4574,C,N,-0.76,29.93,0.03,0:05:14,0,0,0,0,FS_STANDBY,LS_CM,,,,,,,,,,,,,,,,,
1091,16:10:04,4575,C,N,-2.12,29.94,0.03,0:05:15,0,0,0,0,FS_STANDBY,LS_CM,,,,,,,,,,,,,,,,,
1091,16:10:05,4576,C,N,-1.1,29.96,0.03,0:05:16,0,0,0,0,FS_STANDBY,LS_CM,,,,,,,,,,,,,,,,,
1091,16:10:06,4577,C,N,-0.51,29.96,0.03,0:05:17,0,0,0,0,FS_STANDBY,LS_CM,,,,,,,,,,,,,,,,,
1091,16:10:07,4578,C,N,-0.51,29.96,0.03,0:05:18,0,0,0,0,FS_STANDBY,LS_CM,,,,,,,,,,,,,,,,,
1091,16:10:08,4579,C,N,-0.51,29.98,0.03,0:05:19,0,0,0,0,FS_STANDBY,LS_CM,,,,,,,,,,,,,,,,,
1091,16:10:09,4580,C,N,0.17,29.99,0.03,0:05:20,0,0,0,0,FS_STANDBY,LS_CM,,,,,,,,,,,,,,,,,
1091,16:10:10,4581,C,N,1.1,29.99,0.03,0:05:21,0,0,0,0,FS_STANDBY,LS_CM,,,,,,,,,,,,,,,,,
1091,16:10:11,4582,C,N,-0.17,29.99,0.03,0:05:22,0,0,0,0,FS_STANDBY,LS_CM,,,,,,,,,,,,,,,,,
1091,16:10:12,4583,C,N,-0.17,30.01,0.03,0:05:23,0,0,0,0,FS_STANDBY,LS_CM,,,,,,,,,,,,,,,,,
1091,16:10:13,4584,C,N,-0.51,30.01,0.03,0:05:24,0,0,0,0,FS_STANDBY,LS_CM,,,,,,,,,,,,,,,,,
1091,16:10:14,4585,C,N,0.08,30.03,0.03,0:05:25,0,0,0,0,FS_STANDBY,LS_CM,,,,,,,,,,,,,,,,,
1091,16:10:15,4586,C,N,0.08,30.03,0.03,0:05:26,0,0,0,0,FS_STANDBY,LS_CM,,,,,,,,,,,,,,,,,
1091,16:10:16,4587,C,N,0.08,30.05,0.03,0:05:27,0,0,0,0,FS_STANDBY,LS_CM,,,,,,,,,,,,,,,,,
1091,16:10:17,4588,C,N,-0.25,30.05,0.03,0:05:28,0,0,0,0,FS_STANDBY,LS_CM,,,,,,,,,,,,,,,,,
1091,16:10:18,4589,C,N,-0.59,30.06,0.03,0:05:29,0,0,0,0,FS_STANDBY,LS_CM,,,,,,,,,,,,,,,,,
1091,16:10:19,4590,C,N,-1.95,30.06,0.03,0:05:30,0,0,0,0,FS_STANDBY,LS_CM,,,,,,,,,,,,,,,,,
1091,16:10:20,4591,C,N,0.42,30.08,0.03,0:05:31,0,0,0,0,FS_STANDBY,LS_CM,,,,,,,,,,,,,,,,,
1091,16:10:21,4592,C,N,0.08,30.08,0.03,0:05:32,0,0,0,0,FS_STANDBY,LS_CM,,,,,,,,,,,,,,,,,
1091,16:10:22,4593,C,N,-0.34,30.1,0.03,0:05:33,0,0,0,0,FS_STANDBY,LS_CM,,,,,,,,,,,,,,,,,
1091,16:10:23,4594,C,N,-1.61,30.1,0.03,0:05:34,0,0,0,0,FS_STANDBY,LS_CM,,,,,,,,,,,,,,,,,
1091,16:10:24,4595,C,N,-0.34,30.1,0.03,0:05:35,0,0,0,0,FS_STANDBY,LS_CM,,,,,,,,,,,,,,,,,
1091,16:10:25,4596,C,N,-0.68,30.11,0.03,0:05:36,0,0,0,0,FS_STANDBY,LS_CM,,,,,,,,,,,,,,,,,
1091,16:10:26,4597,C,N,-1.02,30.13,0.03,0:05:37,0,0,0,0,FS_STANDBY,LS_CM,,,,,,,,,,,,,,,,,
1091,16:10:27,4598,C,N,-1.02,30.13,0.03,0:05:38,0,0,0,0,FS_STANDBY,LS_CM,,,,,,,,,,,,,,,,,
1091,16:10:28,4599,C,N,0,30.15,0.04,0:05:39,0,0,0,0,FS_STANDBY,LS_CM,,,,,,,,,,,,,,,,,
1091,16:10:29,4600,C,N,-0.34,30.15,0.03,0:05:40,0,0,0,0,FS_STANDBY,LS_CM,,,,,,,,,,,,,,,,,
1091,16:10:30,4601,C,N,-0.34,30.15,0.03,0:05:41,0,0,0,0,FS_STANDBY,LS_CM,,,,,,,,,,,,,,,,,
1091,16:10:31,4602,C,N,0.25,30.16,0.03,0:05:42,0,0,0,0,FS_STANDBY,LS_CM,,,,,,,,,,,,,,,,,
1091,16:10:32,4603,C,N,-0.68,30.16,0.03,0:05:43,0,0,0,0,FS_STANDBY,LS_CM,,,,,,,,,,,,,,,,,
1091,16:10:33,4604,C,N,-0.08,30.16,0.03,0:05:44,0,0,0,0,FS_STANDBY,LS_CM,,,,,,,,,,,,,,,,,
1091,16:10:34,4605,C,N,-1.02,30.18,0.03,0:05:45,0,0,0,0,FS_STANDBY,LS_CM,,,,,,,,,,,,,,,,,
1091,16:10:35,4606,C,N,0.93,30.2,0.03,0:05:46,0,0,0,0,FS_STANDBY,LS_CM,,,,,,,,,,,,,,,,,
1091,16:10:36,4607,C,N,0.59,30.2,0.03,0:05:47,0,0,0,0,FS_STANDBY,LS_CM,,,,,,,,,,,,,,,,,
1091,16:10:37,4608,C,N,-0.42,30.22,0.03,0:05:48,0,0,0,0,FS_STANDBY,LS_CM,,,,,,,,,,,,,,,,,
1091,16:10:38,4609,C,N,0.25,30.22,0.03,0:05:49,0,0,0,0,FS_STANDBY,LS_CM,,,,,,,,,,,,,,,,,
1091,16:10:39,4610,C,N,0.25,30.23,0.03,0:05:50,0,0,0,0,FS_STANDBY,LS_CM,,,,,,,,,,,,,,,,,
1091,16:10:40,4611,C,N,-0.08,30.23,0.03,0:05:51,0,0,0,0,FS_STANDBY,LS_CM,,,,,,,,,,,,,,,,,
1091,16:10:41,4612,C,N,615.88,30.23,0.03,0:05:52,0,0,0,0,FS_ASCENT,LS_CM,,,,,,,,,,,,,,,,,
1091,16:10:42,4613,C,N,983.59,30.23,0.03,0:05:53,0,0,0,0,FS_PEAK,LS_CM,,,,,,,,,,,,,,,,,
1091,16:10:43,4614,C,N,1146.8,30.23,0.03,0:05:54,0,0,0,0,FS_PEAK,LS_CM,,,,,,,,,,,,,,,,,
1091,16:10:44,4615,C,N,1195.91,30.23,0.03,0:05:55,0,0,0,0,FS_PEAK,LS_CM,,,,,,,,,,,,,,,,,
1091,16:10:45,4616,C,N,1110.69,30.23,0.03,0:05:56,0,0,0,0,FS_PEAK,LS_CM,,,,,,,,,,,,,,,,,
1091,16:10:46,4617,C,N,373.85,30.25,0.03,0:05:57,0,0,0,0,FS_LANDING,LS_CM,,,,,,,,,,,,,,,,,
1091,16:10:48,4618,C,N,49.34,30.27,0.03,0:00:01,0,0,0,0,FS_LANDING,LS_CM,,,,,,,,,,,,,,,,,
1091,16:10:48,4619,P,44307.7,20,2.46,126.19,-6.94,178.12,-0.05,0.19,-0.61,17,17,17,0,,,,,,,,,,,,,,,
1091,16:10:48,4620,P,44307.7,20,2.44,125.31,-7.44,177.5,0.78,3.67,-3.08,18.06,18.06,18.06,0,,,,,,,,,,,,,,,
1091,16:10:49,4621,C,N,4.84,30.23,0.03,0:00:01,0,0,0,0,FS_LANDED,LS_CM,,,,,,,,,,,,,,,,,
1091,16:10:49,4622,P,44307.7,20,2.43,119.75,-7.56,176.19,0.76,-0.05,-0.11,18.06,18.06,18.06,0,,,,,,,,,,,,,,,
1091,16:10:50,4623,C,N,0.42,30.08,0.03,0:00:02,0,0,0,0,FS_LANDED,LS_CM,,,,,,,,,,,,,,,,,
1091,16:10:50,4624,P,44307.7,20,2.47,119.44,-7.69,175.94,0,0.16,-0.02,18.75,18.75,18.75,0,,,,,,,,,,,,,,,
1091,16:10:51,4625,C,N,0.42,30.06,0.03,0:00:03,0,0,0,0,FS_LANDED,LS_CM,,,,,,,,,,,,,,,,,
1091,16:10:51,4626,P,44307.7,20,2.44,118.06,-7.38,175.31,-0.22,-0.06,-0.1,18.5,18.5,18.5,0,,,,,,,,,,,,,,,
1091,16:10:52,4627,C,N,0.42,30.08,0.04,0:00:04,0,0,0,0,FS_LANDED,LS_CM,,,,,,,,,,,,,,,,,
1091,16:10:53,4628,C,N,0.42,30.08,0.03,0:00:05,0,0,0,0,FS_LANDED,LS_CM,,,,,,,,,,,,,,,,,
1091,16:10:54,4629,C,N,0.08,30.1,0.03,0:00:06,0,0,0,0,FS_LANDED,LS_CM,,,,,,,,,,,,,,,,,
1091,16:10:55,4630,C,N,0.68,30.1,0.03,0:00:07,0,0,0,0,FS_LANDED,LS_CM,,,,,,,,,,,,,,,,,
1091,16:10:55,4631,P,44307.7,20,2.43,115.69,-5.94,174.5,-0.35,-0.6,-0.31,18.06,18.06,18.06,0,,,,,,,,,,,,,,,
1091,16:10:55,4632,P,44307.7,20,2.43,115.62,-6.12,174.62,-0.03,0.15,0.01,18.5,18.5,18.5,0,,,,,,,,,,,,,,,
1091,16:10:56,4633,C,N,-0.34,30.1,0.03,0:00:08,0,0,0,0,FS_LANDED,LS_CM,,,,,,,,,,,,,,,,,
1091,16:10:56,4634,P,44307.7,20,2.43,115.5,-6.19,174.56,-0.12,-0.05,-0.04,18.75,18.75,18.75,0,,,,,,,,,,,,,,,
1091,16:10:56,4635,P,44307.7,20,2.46,115.5,-6.25,174.56,-0.06,0.05,0.23,18.75,18.75,18.75,0,,,,,,,,,,,,,,,
1091,16:10:56,4636,P,44307.7,20,2.47,115.62,-6.44,174.69,-0.17,0.07,-0.03,18.75,18.75,18.75,0,,,,,,,,,,,,,,,
1091,16:10:57,4637,C,N,1.02,30.1,0.03,0:00:09,0,0,0,0,FS_LANDED,LS_CM,,,,,,,,,,,,,,,,,
1091,16:10:57,4638,P,44307.7,20,2.42,115.44,-6.38,174.62,-0.07,0,-0.01,18.5,18.5,18.5,0,,,,,,,,,,,,,,,
1091,16:10:57,4639,P,44307.7,20,2.45,115.44,-6.38,174.62,0.01,0.02,-0.07,18.5,18.5,18.5,0,,,,,,,,,,,,,,,
1091,16:10:57,4640,P,44307.7,20,2.46,115.5,-6.5,174.62,0.02,0.05,0.02,18.75,18.75,18.75,0,,,,,,,,,,,,,,,
1091,16:10:58,4641,C,N,-0.34,30.1,0.03,0:00:10,0,0,0,0,FS_LANDED,LS_CM,,,,,,,,,,,,,,,,,
1091,16:10:58,4642,P,44307.7,20,2.46,115.56,-6.81,174.69,0.01,-0.14,0.33,18.75,18.7.25,-6.75,175,0.43,0.14,0.21,18.75,18.75,18.75,0,,,,,,,,
1091,16:10:58,4643,P,44307.7,20,2.43,115.44,-6.44,174.56,0.09,-0.76,-0.07,18.75,18.75,18.744307.70,20,2.43,115.56,-6.44,174.69,0.07,0.14,-0.05,19.19,19.19,19.19,0,,,,
1091,16:10:59,4644,C,N,0.68,30.1,0.03,0:00:11,0,0,0,0,FS_LANDED,LS_CM,,,,,,,,,,,,,,,,,
1091,16:10:59,4645,P,44307.7,20,2.43,115.62,-6.56,174.69,-0.01,0,0,18.5,18.5,18.5,0,,,,,,,,,,,,,,,
1091,16:10:59,4646,P,44307.7,20,2.46,115.62,-6.56,174.69,0,0,0,19.56,19.56,19.56,0,,,,,,,,,,,,,,,
1091,16:10:59,4647,P,44307.7,20,2.43,1144307.7,20,2.43,110.75,-7.31,174.69,0.32,-0.09,-1.12,20,20,20,0,,,,,,,,,,,,
1091,16:11:00,4648,C,N,-0.34,30.11,0.03,0:00:12,0,0,0,0,FS_LANDED,LS_CM,,,,,,,,,,,,,,,,,
1091,16:11:00,4649,P,44307.7,20,2.42,116.44,-7.75,176.62,0.38,0.6344307.70,20,2.45,111.56,-6.56,174.19,0.02,0.66,-0.39,19.5,19.5,19.5,0,,,,,,,,
1091,16:11:00,4650,P,44307.7,20,2.41,112.19,-6.75,174.44,0.12,0.47,-0.02,19.5,19.5,19.5,0,,,,,,,,,,,,,,,
1091,16:11:00,4651,P,44307.7,20,2.45,112.12,-7.12,174.31091,16:11:01,4652,C,N,0.34,30.11,0.03,0:00:13,0,0,0,0,FS_LANDED,LS_CM,,,,,,,,
1091,16:11:01,4653,P,44307.7,20,2.42,112,-7.12,174.25,-0.45,0.05,-0.1,19.88,19.88,19.88,0,,,,,,,,,,,,,,,
1091,16:11:01,4654,P,44307.7,20,2.45,111.75,-7.06,174.31,-0.03,0.01,0,19.88,19.88,19.88,0,,,,,,,,,,,,,,,
1091,16:11:01,4655,P,44307.7,20,2.41,111.56,-7,174.25,-0.01,0.04,-0.01,20.56,20.56,20.56,0,,,,,,,,,,,,,,,
1091,16:11:02,4656,C,N,0,30.13,0.03,0:00:14,0,0,0,0,FS_LANDED,LS_CM,,,,,,,,,,,,,,,,,
1091,16:11:02,4657,P,44307.7,20,2.42,112.31,-7,174.75,1.07,0.06,0.34,20.19,20.19,20.19,0,,,,,,,,,,,,,,,
1091,16:11:02,4658,P,44307.7,20,2.42,114.06,-7.62,174.56,-0.43,-0.06,0.55,18.75,18.75,18.75,0,,,,,,,,,,,,,,,
1091,16:11:03,4659,C,N,-0.34,30.15,0.03,0:00:15,0,0,0,0,FS_LANDED,LS_CM,,,,,,,,,,,,,,,,,
1091,16:11:04,4660,C,N,0.25,30.16,0.03,0:00:16,0,0,0,0,FS_LANDED,LS_CM,,,,,,,,,,,,,,,,,
1091,16:11:05,4661,C,N,0.25,30.16,0.03,0:00:17,0,0,0,0,FS_LANDED,LS_CM,,,,,,,,,,,,,,,,,
1091,16:11:06,4662,C,N,0.59,30.18,0.03,0:00:18,0,0,0,0,FS_LANDED,LS_CM,,,,,,,,,,,,,,,,,
1091,16:11:06,4663,P,44307.7,20,2.42,107.69,-6.94,172.62,0.11,0.15,0.53,19.06,19.06,19.06,0,,,,,,,,,,,,,,,
1091,16:11:06,4664,P,44307.7,20,2.41,105.88,-5.81,171.06,0.24,0.11,-0.57,19,19,19,0,,,,,,,,,,,,,,,
1091,16:11:06,4665,P,44307.7,20,2.45,103.38,-7.31,168.56,0.56,-0.1,-1.65,19.38,19.38,19.38,0,,,,,,,,,,,,,,,
1091,16:11:07,4666,C,N,0.59,30.15,0.03,0:00:19,0,0,0,0,FS_LANDED,LS_CM,,,,,,,,,,,,,,,,,
1091,16:11:07,4667,P,44307.7,20,2.42,109.06,-7.38,170.25,-0.08,-1.69,-0.41,19.75,19.75,19.75,0,,,,,,,,,,,,,,,
1091,16:11:07,4668,P,44307.7,20,2.41,108.88,-6.88,170.06,0.41,0,0.02,19.38,19.38,19.38,0,,,,,,,,,,,,,,,
1091,16:11:07,4669,P,44307.7,20,2.45,108.88,-7.19,170.5,0.29,0.47,0.02,19.38,19.38,19.38,0,,,,,,,,,,,,,,,
1091,16:11:08,4670,C,N,0.59,30.16,0.03,0:00:20,0,0,0,0,FS_LANDED,LS_CM,,,,,,,,,,,,,,,,,
1091,16:11:08,4671,P,44307.7,20,2.42,108.88,-6.75,170.69,-0.05,-0.11,-0.77,18.25,18.25,18.25,0,,,,,,,,,,,,,,,
1091,16:11:09,4672,C,N,0.25,30.16,0.03,0:00:21,0,0,0,0,FS_LANDED,LS_CM,,,,,,,,,,,,,,,,,
1091,16:11:09,4673,P,44307.7,20,2.45,106.5,-7.38,173.25,-2.04,0.73,1.92,19,19,19,0,,,,,,,,,,,,,,,
1091,16:11:09,4674,P,44307.7,20,2.42,112.19,-9,179.19,0.63,0.36,0.55,19.38,19.38,19.38,0,,,,,,,,,,,,,,,
1091,16:11:09,4675,P,44307.7,20,2.44,109.75,-7.56,174.06,0.51,0,0.51,21.19,21.19,21.19,0,,,,,,,,,,,,,,,
1091,16:11:10,4676,C,N,0.93,30.15,0.03,0:00:22,0,0,0,0,FS_LANDED,LS_CM,,,,,,,,,,,,,,,,,
1091,16:11:10,4677,P,44307.7,20,2.42,109.44,-8.25,174.38,-0.21,-0.17,-0.2,20,20,20,0,,,,,,,,,,,,,,,
1091,16:11:11,4678,C,N,0.59,30.15,0.03,0:00:23,0,0,0,0,FS_LANDED,LS_CM,,,,,,,,,,,,,,,,,
1091,16:11:12,4679,C,N,0.59,30.15,0.03,0:00:24,0,0,0,0,FS_LANDED,LS_CM,,,,,,,,,,,,,,,,,
1091,16:11:12,4680,P,44307.7,20,2.41,108.69,-8.12,174.38,-0.41,-0.04,-0.34,19.25,19.25,19.25,0,,,,,,,,,,,,,,,
1091,16:11:12,4681,P,44307.7,20,2.42,108.44,-8.06,174.44,-1.04,-1.61,-0.03,19.69,19.69,19.69,0,,,,,,,,,,,,,,,
1091,16:11:13,4682,C,N,0,30.13,0.03,0:00:25,0,0,0,0,FS_LANDED,LS_CM,,,,,,,,,,,,,,,,,
1091,16:11:14,4683,C,N,0.93,30.15,0.04,0:00:26,0,0,0,0,FS_LANDED,LS_CM,,,,,,,,,,,,,,,,,
1091,16:11:15,4684,C,N,-0.34,30.15,0.03,0:00:27,0,0,0,0,FS_LANDED,LS_CM,,,,,,,,,,,,,,,,,
1091,16:11:15,4685,P,44307.7,20,2.41,107.19,-8.94,179.25,-0.78,1.23,-1.27,18.88,18.88,18.88,0,,,,,,,,,,,,,,,
1091,16:11:15,4686,P,44307.7,20,2.41,97.12,-5.81,173.31,1.03,0.41,0.2,19.5,19.5,19.5,0,,,,,,,,,,,,,,,
1091,16:11:15,4687,P,44307.7,20,2.45,96,-7.62,174,-0.02,0.31,0.21,19.25,19.25,19.25,0,,,,,,,,,,,,,,,
1091,16:11:16,4688,C,N,0,30.13,0.03,0:00:28,0,0,0,0,FS_LANDED,LS_CM,,,,,,,,,,,,,,,,,
1091,16:11:16,4689,P,44307.7,20,2.42,93.2.90,-0.7,-0.34,1.56,1.56,1.56,0,,,,,,,,,,,,,,,,,,
1091,16:11:16,4690,P,44307.7,20,2.42,55,20.69,159.12,1.41,-0.66,0.8,1.19,1.19,1.19,0,,,,,,,,,,,,,,,
1091,16:11:16,4691,P,44307.7,20,2.41,69.12,27.19,155.19,1.24,-0.79,0.37,-2.19,-2.19,-2.19,0,,,,,,,,,,,,,,,
1091,16:11:17,4692,C,N,0.93,30.13,0.03,0:00:29,0,0,0,0,FS_LANDED,LS_CM,,,,,,,,,,,,,,,,,
1091,16:11:17,4693,P,44307.7,20,2.44,16.06,36.94,149.69,-0.12,0.94,0.28,-8.06,-8.06,-0.3,-17.25,-17.25,-17.25,0,,,,,,,,,,,,
1091,16:11:17,4694,P,44307.7,20,2.41,358.06,6.81,-12.06,0.05,0.58,-0.87,-6.06,-6.06,-6.06,0,,,,,,,,,,,,,,,
1091,16:11:17,4695,P,44307.7,20,2.44,357,2.19,-22.31,0.21,-0.14,-0.78,-3.5,-3.5,-3.5,0,,,,,,,,,,,,,,,
1091,16:11:18,4696,C,N,0.59,30.15,0.03,0:00:30,0,0,0,0,FS_LANDED,LS_CM,,,,,,,,,,,,,,,,,
1091,16:11:18,4697,P,44307.7,20,2.42,359.69,4.44,-25.75,1.47,-0.75,-0.84,-4.19,-4.19,-4.37,-0.45,-22.56,-22.56,-22.56,0,,,,,,,,,,,
1091,16:11:18,4698,P,44307.7,20,2.44,100.75,35.5,-95.56,-0.71,0.11,-0.32,-23.25,-23.25,-23.25,0,,,,,,,,,,,,,,,
1091,16:11:18,4699,P,44307.7,2044307.7,20,2.41,89.62,37.81,-83.62,-1.84,-1.54,1.08,-27.75,-27.75,-27.75,0,,,,,,,,,,,,,,
1091,16:11:19,4700,C,N,-0.34,30.15,0.03,0:00:31,0,0,0,0,FS_LANDED,LS_CM,,,,,,,,,,,,,,,,,
1091,16:11:19,4701,P,44307.7,20,2.41,91.5,30.38,-122.38,0.03,0.44307.70,20,2.4,91.69,31.25,-118.56,-0.34,-0.86,0.19,-21.88,-21.88,-21.88,0,,,,,,,,
1091,16:11:19,4702,P,44307.7,20,2.41,94.25,29.62,-122.75,-0.24,-0.05,0.01,-22.69,-22.69,-22.69,0,,,,,,,,,,,,,,,
1091,16:11:19,4703,P,44307.7,20,2.4,96.44,29.62,-124.44,-0.76,-0.56,-0.73,-21.19,-21.19,-21.19,0,,,,,,,,,,,,,,,
1091,16:11:20,4704,C,N,0.93,30.15,0.03,0:00:32,0,0,0,0,FS_LANDED,LS_CM,,,,,,,,,,,,,,,,,
1091,16:11:21,4705,C,N,1.27,30.16,0.03,0:00:33,0,0,0,0,FS_LANDED,LS_CM,,,,,,,,,,,,,,,,,
1091,16:11:21,4706,P,44307.7044307.70,20,2.4,99,32.75,-124.5,-0.31,-0.33,0.29,-21.56,-21.56,-21.56,0,,,,,,,,,,,,,,,
1091,16:11:21,4707,P,44307.7,20,2.44,97.69,33.69,-124.38,0.16,-0.03,0.12,-22.25,-22.25,-22.25,0,,,,,,,,,,,,,,,
1091,16:11:21,4708,P,44307.7,20,2.41,96.5,34.94,-122.38,-0.33,-0.12,-0.15,-23.38,-23.38,-23.38,0,,,,,,,,,,,,,,,
1091,16:11:22,4709,C,N,0.25,30.16,0.03,0:00:34,0,0,0,0,FS_LANDED,LS_CM,,,,,,,,,,,,,,,,,
1091,16:11:22,4710,P,44307.7,0,2.4,94,35.81,-124.06,-0.07,0.12,-0.07,-23.06,-23.06,-23.06,0,,,,,,,,,,,,,,,
1091,16:11:22,4711,P,44307.7,20,2.4,95.75,34.94,-123.75,0.23,-0.72,-0.36,-23.38,-23.38,-23.38,0,,,,,,,,,,,,,,,
1091,16:11:22,4712,P,44307.7,20,2.4,114.75,30.75,-123.5,-0.4,-0.01,-0.86,-20.38,-20.38,-20.38,0,,,,,,,,,,,,,,,
1091,16:11:23,4713,C,N,1.27,30.16,0.03,0:00:35,0,0,0,0,FS_LANDED,LS_CM,,,,,,,,,,,,,,,,,
1091,16:11:23,4714,P,44307.7,20,2.44307.70,20,2.41,125.12,42.31,-101,-1.16,0.28,-1.16,-21.06,-21.06,-21.06,0,,,,,,,,,,,,,
1091,16:11:23,4715,P,44307.7,20,2.4,137.19,43.75,-90.12,-2.88,0.82,-1.75,-22.56,-22.56,-22.56,0,,,,,,,,,,,,,,,
1091,16:11:23,4716,P,44307.7,20,2.4,148.12,47,-102.38,-1.12,0.52,-0.67,-25.06,-25.06,-25.06,0,,,,,,,,,,,,,,,
1091,16:11:23,4717,P,44307.744307.70,20,2.44,40.25,-4.75,-166.38,7.33,17.12,-20.01,9.56,9.56,9.56,0,,,,,,,,,,,,,,,
1091,16:11:23,4718,P,44307.7,20,2.41,37.31,2.75,175.5,0.55,-0.33,-1.4,6.5,6.5,6.5,0,,,,,,,,,,,,,,,
1091,16:11:23,4719,P,44307.71091,16:11:24,4720,C,N,0.59,30.15,0.03,0:00:36,0,0,0,0,FS_LANDED,LS_CM,,,,,,,,,,,,,
1091,16:11:24,4721,P,44307.7,20,2.41,121.75,66.88,-141.75,2.12,-4.33,-1.17,-32.5,-32.5,-32.5,0,,,,,,,,,,,,,,,
1091,16:11:24,4722,P,44307.7,20,2.4,123.25,84.69,-177.38,0.51,0.02,0.27,-40.19,-40.19,-40.19,0,,,,,,,,,,,,,,,
1091,16:11:24,4723,P,44307.7,20,2.4,128.31,87.81,-178.56,1.61,-0.63,-0.24,-38.69,-38.69,-38.69,0,,,,,,,,,,,,,,,
1091,16:11:24,4724,P,44307.7,20,2.41,121.88,81.31,44307.7,20,2.4,85.19,23.19,92.44,-0.48,-0.68,-0.3,-29.38,-29.38,-29.38,0,,,,,,,,,,
1091,16:11:25,4725,C,N,-0.08,30.18,0.03,0:00:37,0,0,0,0,FS_LANDED,LS_CM,,,,,,,,,,,,,,,,,
1091,16:11:25,4726,P,44307.7,20,2.41,98.19,35.44,91.5,0.32,-0.12,-0.64,-36,-36,-36,0,,,,,,,,,,,,,,,
1091,16:11:25,4727,P,44307.7,20,2.41,101.31,33.44,91.5,-0.11,0.65,-0.54,-34.06,-34.06,-34.06,0,,,,,,,,,,,,,,,
1091,16:11:25,4728,P,44307.7,20,2.43,99.44,29.94,91.44,-0.62,0.72,0.15,-33.25,-33.25,-33.25,0,O1091,16:11:26,4729,C,N,0.59,30.2,0.03,0:00:38,0,0,0,0,FS_LANDED,LS_CM
1091,16:11:26,4730,P,44307.7,20,44307.7,20,2.4,101.94,28.94,92.06,-0.37,0.27,-0.19,-33.69,-33.69,-33.69,0,,,,,,,,,,,,,
1091,16:11:26,4731,P,44307.7,20,2.4,103.19,28.5,92.69,-0.35,0.32,-0.17,-34.06,-34.06,-34.06,0,,,,,,,,,,,,,,,
1091,16:11:26,4732,P,44307.7,20,2.4,103.94,28.19,93.06,-0.35,0.28,-0.2,-33.69,-33.69,-33.69,0,,,,,,,,,,,,,,,
1091,16:11:26,4733,P,44307.7,20.44307.70,20,2.41,106.75,27.94,93.5,-0.06,0.09,-0.08,-33.25,-33.25,-33.25,0,,,,,,,,,,,,,,
1091,16:11:27,4734,C,N,0.59,30.2,0.03,0:00:39,0,0,0,0,FS_LANDED,LS_CM,,,,,,,,,,,,,,,,,
1091,16:11:27,4735,P,44307.7,20,2.4,107.62,27.94,93.56,0,0.1,-0.05,-34.06,-34.06,-34.06,0,,,,,,,,,,,,,,,
1091,16:11:27,4736,P,44307.7,20,2.4,108.06,27.94,93.62,-0.01,0.09,-0.06,-33.25,-33.25,-33.25,0,,,,,,,,,,,,,,,
1091,16:11:27,4737,P,44307.7,20,2.4,108.62,27.88,93.69,-0.14,0.01,-0.1,-33.69,-33.69,-33.69,0,,,,,,,,,,,,,,,
1091,16:11:27,4738,P,44307.7,20.044307.70,20,2.4,109.38,27.88,93.69,-0.03,0.13,-0.04,-32.56,-32.56,-32.56,0,,,,,,,,,,,,,,
1091,16:11:28,4739,C,N,1.53,30.22,0.03,0:00:40,0,0,0,0,FS_LANDED,LS_CM,,,,,,,,,,,,,,,,,
1091,16:11:28,4740,P,44307.7,20,2.4,109.38,27.88,93.69,-0.06,0.13,-0.05,-34.06,-34.06,-34.06,0,,,,,,,,,,,,,,,
1091,16:11:28,4741,P,44307.7,20,2.4,109.38,27.88,93.69,-0.13,0.09,-0.12,-33.25,-33.25,-33.25,0,,,,,,,,,,,,,,,
1091,16:11:28,4742,P,44307.7,20,2.4,109.38,27.88,93.69,-0.09,0.1,-0.1,-33.69,-33.69,-33.69,0,,,,,,,,,,,,,,,
1091,16:11:28,4743,P,44307.7,20.44307.70,20,2.4,109.38,27.88,93.69,-0.11,0.12,-0.04,-34.06,-34.06,-34.06,0,,,,,,,,,,,,,,
1091,16:11:29,4744,C,N,-0.08,30.22,0.03,0:00:41,0,0,0,0,FS_LANDED,LS_CM,,,,,,,,,,,,,,,,,
1091,16:11:29,4745,P,44307.7,20,2.43,109.38,27.88,93.69,-0.05,0.11,-0.09,-33.69,-33.69,-33.69,0,,,,,,,,,,,,,,,
1091,16:11:29,4746,P,44307.7,20,2.4,109.38,27.88,93.69,-0.09,0.11,-0.07,-33.25,-33.25,-33.25,0,,,,,,,,,,,,,,,
1091,16:11:29,4747,P,44307.7,20,2.43,109.38,27.88,93.69,-0.08,0.1,-0.08,-33.25,-33.25,-33.25,0,,,,,,,,,,,,,,,
1091,16:11:29,4748,P,44307.7,20.44307.70,20,2.43,109.38,27.88,93.69,-0.09,0.07,-0.08,-33.69,-33.69,-33.69,0,,,,,,,,,,,,,,
1091,16:11:30,4749,C,N,0.85,30.22,0.03,0:00:42,0,0,0,0,FS_LANDED,LS_CM,,,,,,,,,,,,,,,,,
1091,16:11:30,4750,P,44307.7,20,2.43,109.38,27.88,93.69,-0.07,0.12,-0.08,-34.06,-34.06,-34.06,0,,,,,,,,,,,,,,,
1091,16:11:30,4751,P,44307.7,20,2.44,109.38,27.88,93.69,-0.06,0.11,-0.07,-33.25,-33.25,-33.25,0,,,,,,,,,,,,,,,
1091,16:11:30,4752,P,44307.7,20,2.44,109.38,27.88,93.69,-0.07,0.09,-0.09,-33.69,-33.69,-33.69,0,,,,,,,,,,,,,,,
1091,16:11:30,4753,P,44307.7,20,2.43,109.38,27.88,93.69,-0.06,0.08,-0.08,-33.25,-33.25,-33.25,0,,,,,,,,,,,,,,,
1091,16:11:31,4754,C,N,0.51,30.23,0.03,0:00:43,0,0,0,0,FS_LANDED,LS_CM,,,,,,,,,,,,,,,,,
1091,16:11:31,4755,P,44307.7,20,2.44,109.38,27.88,93.69,-0.12,0.11,-0.07,-33.69,-33.69,-33.69,0,,,,,,,,,,,,,,,
1091,16:11:31,4756,P,44307.7,20,2.43,109.38,27.88,93.69,-0.08,0.1,-0.05,-33.25,-33.25,-33.25,0,,,,,,,,,,,,,,,
1091,16:11:31,4757,P,44307.7,20,2.43,109.38,27.88,93.69,-0.07,0.1,-0.05,-33.69,-33.69,-33.69,0,,,,,,,,,,,,,,,
1091,16:11:31,4758,P,44307.7,20,2.44,109.38,27.88,93.69,-0.08,0.13,-0.08,-32.88,-32.88,-32.88,0,,,,,,,,,,,,,,,
1091,16:11:32,4759,C,N,0.51,30.25,0.03,0:00:44,0,0,0,0,FS_LANDED,LS_CM,,,,,,,,,,,,,,,,,
1091,16:11:32,4760,P,44307.7,20,2.44,109.38,27.88,93.69,-0.09,0.08,-0.05,-34.06,-34.06,-34.06,0,,,,,,,,,,,,,,,
1091,16:11:32,4761,P,44307.7,20,2.44,109.38,27.88,93.69,-0.05,0.09,-0.11,-32.88,-32.88,-32.88,0,,,,,,,,,,,,,,,
1091,16:11:32,4762,P,44307.7,20,2.44,109.38,27.88,93.69,-0.1,0.09,-0.09,-33.69,-33.69,-33.69,0,,,,,,,,,,,,,,,
1091,16:11:32,4763,P,44307.7,20,2.44,109.38,27.88,93.69,-0.09,0.11,-0.04,-34.06,-34.06,-34.06,0,,,,,,,,,,,,,,,
1091,16:11:33,4764,C,N,0.17,30.27,0.03,0:00:45,0,0,0,0,FS_LANDED,LS_CM,,,,,,,,,,,,,,,,,
1091,16:11:33,4765,P,44307.7,20,2.44,109.38,27.88,93.69,-0.07,0.12,-0.09,-32.56,-32.56,-32.56,0,,,,,,,,,,,,,,,
1091,16:11:33,4766,P,44307.7,20,2.44,109.38,27.88,93.69,-0.07,0.09,-0.08,-32.19,-32.19,-32.19,0,,,,,,,,,,,,,,,
1091,16:11:33,4767,P,44307.7,20,2.44,109.38,27.88,93.69,-0.09,0.1,-0.08,-32.88,-32.88,-32.88,0,,,,,,,,,,,,,,,
1091,16:11:34,4768,C,N,1.19,30.28,0.03,0:00:46,0,0,0,0,FS_LANDED,LS_CM,,,,,,,,,,,,,,,,,
1091,16:11:34,4769,P,44307.7,20,2.44,109.38,27.88,93.69,-0.08,0.11,-0.08,-33.69,-33.69,-33.69,0,,,,,,,,,,,,,,,
1091,16:11:34,4770,P,44307.7,20,2.44,109.38,27.88,93.69,-0.07,0.11,-0.07,-33.69,-33.69,-33.69,0,,,,,,,,,,,,,,,
1091,16:11:34,4771,P,44307.7,20,2.44,109.38,27.88,93.69,-0.08,0.1,-0.08,-34.38,-34.38,-34.38,0,,,,,,,,,,,,,,,
1091,16:11:35,4772,C,N,0.85,30.28,0.03,0:00:47,0,0,0,0,FS_LANDED,LS_CM,,,,,,,,,,,,,,,,,
1091,16:11:35,4773,P,44307.7,20.44307.70,20,2.44,109.38,27.88,93.69,-0.08,0.1,-0.04,-33.69,-33.69,-33.69,0,,,,,,,,,,,,,,
1091,16:11:35,4774,P,44307.7,20,2.4,109.38,27.88,93.69,-0.09,0.11,-0.08,-32.88,-32.88,-32.88,0,,,,,,,,,,,,,,,
1091,16:11:35,4775,P,44307.7,20,2.43,109.38,27.88,93.69,-0.1,0.1,-0.04,-34.06,-34.06,-34.06,0,,,,,,,,,,,,,,,
1091,16:11:36,4776,C,N,1.44,30.3,0.03,0:00:48,0,0,0,0,FS_LANDED,LS_CM,,,,,,,,,,,,,,,,,
1091,16:11:36,4777,P,44307.7,20.44307.70,20,2.44,109.38,27.88,93.69,-0.08,0.09,-0.08,-33.25,-33.25,-33.25,0,,,,,,,,,,,,,,
1091,16:11:36,4778,P,44307.7,20,2.44,109.38,27.88,93.69,-0.08,0.09,-0.08,-33.69,-33.69,-33.69,0,,,,,,,,,,,,,,,
1091,16:11:36,4779,P,44307.7,20,2.44,109.38,27.88,93.69,-0.08,0.12,-0.09,-33.25,-33.25,-33.25,0,,,,,,,,,,,,,,,
1091,16:11:37,4780,C,N,1.1,30.3,0.03,0:00:49,0,0,0,0,FS_LANDED,LS_CM,,,,,,,,,,,,,,,,,
1091,16:11:37,4781,P,44307.7,20.44307.70,20,2.44,109.38,27.88,93.69,-0.09,0.11,-0.08,-33.69,-33.69,-33.69,0,,,,,,,,,,,,,,
1091,16:11:37,4782,P,44307.7,20,2.44,109.38,27.88,93.69,-0.08,0.11,-0.11,-34.06,-34.06,-34.06,0,,,,,,,,,,,,,,,
1091,16:11:37,4783,P,44307.7,20,2.44,109.38,27.88,93.69,-0.07,0.1,-0.07,-32.88,-32.88,-32.88,0,,,,,,,,,,,,,,,
1091,16:11:38,4784,C,N,1.1,30.32,0.03,0:00:50,0,0,0,0,FS_LANDED,LS_CM,,,,,,,,,,,,,,,,,
1091,16:11:38,4785,P,44307.7,20.44307.70,20,2.44,109.38,27.88,93.69,-0.08,0.11,-0.09,-33.69,-33.69,-33.69,0,,,,,,,,,,,,,,
1091,16:11:38,4786,P,44307.7,20,2.43,109.38,27.88,93.69,-0.09,0.12,-0.07,-32.56,-32.56,-32.56,0,,,,,,,,,,,,,,,
1091,16:11:38,4787,P,44307.7,20,2.43,109.38,27.88,93.69,-0.08,0.1,-0.11,-33.25,-33.25,-33.25,0,,,,,,,,,,,,,,,
1091,16:11:39,4788,C,N,0.76,30.34,0.03,0:00:51,0,0,0,0,FS_LANDED,LS_CM,,,,,,,,,,,,,,,,,
1091,16:11:39,4789,P,44307.7,20.44307.70,20,2.44,109.38,27.88,93.69,-0.09,0.12,-0.07,-33.69,-33.69,-33.69,0,,,,,,,,,,,,,,
1091,16:11:39,4790,P,44307.7,20,2.43,109.38,27.88,93.69,-0.08,0.09,-0.07,-33.25,-33.25,-33.25,0,,,,,,,,,,,,,,,
1091,16:11:39,4791,P,44307.7,20,2.44,109.38,27.88,93.69,-0.09,0.1,-0.09,-33.69,-33.69,-33.69,0,,,,,,,,,,,,,,,
1091,16:11:40,4792,C,N,0.76,30.34,0.03,0:00:52,0,0,0,0,FS_LANDED,LS_CM,,,,,,,,,,,,,,,,,
1091,16:11:40,4793,P,44307.7,20.44307.70,20,2.44,109.38,27.88,93.69,-0.09,0.11,-0.1,-33.69,-33.69,-33.69,0,,,,,,,,,,,,,,
1091,16:11:40,4794,P,44307.7,20,2.44,109.38,27.88,93.69,-0.08,0.1,-0.05,-33.69,-33.69,-33.69,0,,,,,,,,,,,,,,,
1091,16:11:40,4795,P,44307.7,20,2.44,109.38,27.88,93.69,-0.06,0.1,-0.08,-32.88,-32.88,-32.88,0,,,,,,,,,,,,,,,
1091,16:11:41,4796,C,N,1.44,30.35,0.03,0:00:53,0,0,0,0,FS_LANDED,LS_CM,,,,,,,,,,,,,,,,,
1091,16:11:41,4797,P,44307.7,20.44307.70,20,2.44,109.38,27.88,93.69,-0.1,0.12,-0.11,-34.75,-34.75,-34.75,0,,,,,,,,,,,,,,
1091,16:11:41,4798,P,44307.7,20,2.45,109.38,27.88,93.69,-0.08,0.11,-0.09,-32.88,-32.88,-32.88,0,,,,,,,,,,,,,,,
1091,16:11:41,4799,P,44307.7,20,2.44,109.38,27.88,93.69,-0.07,0.11,-0.08,-32.19,-32.19,-32.19,0,,,,,,,,,,,,,,,
1091,16:11:41,4800,P,44307.7,20,2.44,109.38,27.88,93.69,-0.09,0.11,-0.1,-33.25,-33.25,-33.25,0,,,,,,,,,,,,,,,
1091,16:11:42,4801,C,N,1.44,30.35,0.03,0:00:54,0,0,0,0,FS_LANDED,LS_CM,,,,,,,,,,,,,,,,,
1091,16:11:42,4802,P,44307.7,20,2.43,109.38,27.88,93.69,-0.07,0.09,-0.07,-33.25,-33.25,-33.25,0,,,,,,,,,,,,,,,
1091,16:11:42,4803,P,44307.7,20,2.44,109.38,27.88,93.69,-0.08,0.1,-0.1,-34.06,-34.06,-34.06,0,,,,,,,,,,,,,,,
1091,16:11:42,4804,P,44307.7,20,2.44,109.38,27.88,93.69,-0.07,0.1,-0.09,-33.25,-33.25,-33.25,0,,,,,,,,,,,,,,,
1091,16:11:42,4805,P,44307.7,20,2.44,109.38,27.88,93.69,-0.09,0.11,-0.11,-33.69,-33.69,-33.69,0,,,,,,,,,,,,,,,
1091,16:11:43,4806,C,N,1.1,30.37,0.03,0:00:55,0,0,0,0,FS_LANDED,LS_CM,,,,,,,,,,,,,,,,,
1091,16:11:43,4807,P,44307.7,20,2.44,109.38,27.88,93.69,-0.09,0.1,-0.08,-34.38,-34.38,-34.38,0,,,,,,,,,,,,,,,
1091,16:11:43,4808,P,44307.7,20,2.44,109.38,27.88,93.69,-0.02,0.02,-0.07,-33.69,-33.69,-33.69,0,,,,,,,,,,,,,,,
1091,16:11:44,4809,C,N,0.76,30.4,0.03,0:00:56,0,0,0,0,FS_LANDED,LS_CM,,,,,,,,,,,,,,,,,
1091,16:11:44,4810,P,44307.7,20,2.44,109.38,27.88,93.69,-0.13,0.15,-0.08,-33.69,-33.69,-33.69,0,,,,,,,,,,,,,,,
1091,16:11:45,4811,C,N,0.42,30.4,0.03,0:00:57,0,0,0,0,FS_LANDED,LS_CM,,,,,,,,,,,,,,,,,
1091,16:11:45,4812,P,44307.7,20,2.4,109.38,27.88,93.69,-0.11,0.11,-0.08,-33.69,-33.69,-33.69,0,,,,,,,,,,,,,,,
1091,16:11:45,4813,P,44307.7,20,2.4,109.38,27.88,93.69,-0.16,0.17,-0.03,-33.69,-33.69,-33.69,0,,,,,,,,,,,,,,,
1091,16:11:45,4814,P,44307.7,20,2.41,109.38,27.88,93.69,-0.04,0.06,-0.1,-34.75,-34.75,-34.75,0,,,,,,,,,,,,,,,
1091,16:11:45,4815,P,44307.7,20.44307.70,20,2.41,109.38,27.88,93.69,-0.07,0.06,-0.09,-34.06,-34.06,-34.06,0,,,,,,,,,,,,,,
1091,16:11:46,4816,C,N,1.36,30.4,0.03,0:00:58,0,0,0,0,FS_LANDED,LS_CM,,,,,,,,,,,,,,,,,
1091,16:11:46,4817,P,44307.7,20,2.4,109.38,27.88,93.69,-0.14,0.08,-0.17,-33.69,-33.69,-33.69,0,,,,,,,,,,,,,,,
1091,16:11:46,4818,P,44307.7,20,2.43,109.38,27.88,93.69,-0.12,0.12,-0.06,-33.69,-33.69,-33.69,0,,,,,,,,,,,,,,,
1091,16:11:46,4819,P,44307.7,20,2.4,109.38,27.88,93.75,-0.05,0.12,-0.1,-33.69,-33.69,-33.69,0,,,,,,,,,,,,,,,
1091,16:11:46,4820,P,44307.7,20.44307.70,20,2.4,109.31,27.81,93.88,-0.11,0.16,-0.06,-33.25,-33.25,-33.25,0,,,,,,,,,,,,,,
1091,16:11:47,4821,C,N,1.02,30.42,0.03,0:00:59,0,0,0,0,FS_LANDED,LS_CM,,,,,,,,,,,,,,,,,
1091,16:11:47,4822,P,44307.7,20,2.43,109.31,27.75,93.88,-0.18,0,-0.2,-33.25,-33.25,-33.25,0,,,,,,,,,,,,,,,
1091,16:11:47,4823,P,44307.7,20,2.39,109.25,27.75,93.94,-0.13,0.07,-0.05,-34.38,-34.38,-34.38,0,,,,,,,,,,,,,,,
1091,16:11:47,4824,P,44307.7,20,2.39,109.31,27.75,93.94,-0.09,0.14,-0.06,-33.69,-33.69,-33.69,0,,,,,,,,,,,,,,,
1091,16:11:48,4825,C,N,1.02,30.42,0.03,0:00:00,0,0,0,0,FS_LANDED,LS_CM,,,,,,,,,,,,,,,,,
1091,16:11:48,4826,P,44307.7,20,2.4,109.31,27.75,94,-0.03,0.14,0.12,-33.25,-33.25,-33.25,0,,,,,,,,,,,,,,,
1091,16:11:48,4827,P,44307.7,20,2.4,109.25,27.75,94,-0.01,0.12,-0.02,-33.25,-33.25,-33.25,0,,,,,,,,,,,,,,,
1091,16:11:48,4828,P,44307.7,20,2.43,109.25,27.75,94,-0.04,0.1,-0.06,-33.25,-33.25,-33.25,0,,,,,,,,,,,,,,,
1091,16:11:48,4829,P,44307.7,20,2.39,109.25,27.75,94,-0.13,0.04,-0.02,-3444307.7,20,2.43,109.31,27.81,94,-0.03,0.12,0.04,-33.25,-33.25,-33.25,0,,,,,,
1091,16:11:49,4830,C,N,1.02,30.42,0.03,0:01:01,0,0,0,0,FS_LANDED,LS_CM,,,,,,,,,,,,,,,,,
1091,16:11:49,4831,P,44307.7,20,2.43,115.19,27.81,93.94,-0.59,-0.77,-0.28,-34.06,-34.06,-34.06,0,,,,,,,,,,,,,,,
1091,16:11:49,4832,P,44307.7,20,2.44,122.5,28,93.94,-0.9,-0.75,-0.25,-36.25,-36.25,-36.25,0,,,,,,,,,,,,,,,
1091,16:11:49,4833,P,44307.7,20,2.43,125.5,28.12,93.88,-0.12,0.12,0,-36,-36,-36,0,,,,,,,,,,,,,,,
1091,16:11:50,4834,C,N,1.02,30.44,0.03,0:01:02,0,0,0,0,FS_LANDED,LS_CM,,,,,,,,,,,,,,,,,
1091,16:11:51,4835,C,N,0.68,30.44,0.03,0:01:03,0,0,0,0,FS_LANDED,LS_CM,,,,,,,,,,,,,,,,,
1091,16:11:52,4836,C,N,0.68,30.42,0.03,0:01:04,0,0,0,0,FS_LANDED,LS_CM,,,,,,,,,,,,,,,,,
1091,16:11:52,4837,P,44307.7,20,2.43,125.75,28.12,93.94,-0.08,0.1,-0.04,-37.19,-37.19,-37.19,0,,,,,,,,,,,,,,,
1091,16:11:52,4838,P,44307.7,20,2.4,126.44,28.12,93.94,-0.13,0.08,-0.08,-37.19,-37.19,-37.19,0,,,,,,,,,,,,,,,
1091,16:11:52,4839,P,44307.7,20,2.4,126.81,28.06,94,-0.09,0.08,-0.08,-37.19,-37.19,-37.19,0,,,,,,,,,,,,,,,
1091,16:11:53,4840,C,N,0.42,30.42,0.03,0:01:05,0,0,0,0,FS_LANDED,LS_CM,,,,,,,,,,,,,,,,,
1091,16:11:53,4841,P,44307.7,20.44307.70,20,2.43,127.12,28.06,94,-0.08,0.08,-0.06,-37.19,-37.19,-37.19,0,,,,,,,,,,,,,,
1091,16:11:54,4842,C,N,0.08,30.44,0.03,0:01:06,0,0,0,0,FS_LANDED,LS_CM,,,,,,,,,,,,,,,,,
1091,16:11:55,4843,C,N,1.02,30.42,0.03,0:01:07,0,0,0,0,FS_LANDED,LS_CM,,,,,,,,,,,,,,,,,
1091,16:11:55,4844,P,44307.7,20,2.4,127.38,28.06,94,-0.09,0.08,-0.04,-36,-36,-36,0,,,,,,,,,,,,,,,
1091,16:11:55,4845,P,44307.7,20,2.4,127.44,28.06,94,-0.08,0.11,0,-37.5,-37.5,-37.5,0,,,,,,,,,,,,,,,
1091,16:11:55,4846,P,44307.7,20,2.4,127.56,28.06,94,-0.14,0.07,-0.09,-37.5,-37.5,-37.5,0,,,,,,,,,,,,,,,
1091,16:11:56,4847,C,N,0.42,30.4,0.04,0:01:08,0,0,0,0,FS_LANDED,LS_CM,,,,,,,,,,,,,,,,,
1091,16:11:56,4848,P,44307.7,20,2.43,127.56,28.06,94,-0.12,0.08,0.05,-36.38,-36.38,-36.38,0,,,,,,,,,,,,,,,
1091,16:11:56,4849,P,44307.7,20,2.41,127.56,28.06,94,0.01,0.15,-0.05,-36.38,-36.38,-36.38,0,,,,,,,,,,,,,,,
1091,16:11:56,4850,P,44307.7,20,2.4,127.5,28.06,94,-0.14,0.06,0,-37.5,-37.5,-37.5,0,,,,,,,,,,,,,,,
1091,16:11:56,4851,P,44307.7,20,-0.1,0.12,-0.02,-36,-36,-36,0,,,,,,,,,,,,,,,,,,,
1091,16:11:56,4852,P,44307.7,20,2.43,127.56,28.06,94,-0.05,0.11,-0.03,-36.38,-36.38,-36.38,0,,,,,,,,,,,,,,,
1091,16:11:57,4853,C,N,0.42,30.4,0.03,0:01:09,0,0,0,0,FS_LANDED,LS_CM,,,,,,,,,,,,,,,,,
1091,16:11:57,4854,P,44307.7,20,2.39,127.56,28.06,94,-0.09,0.07,-0.03,-36.75,-36.75,-36.75,0,,,,,,,,,,,,,,,
1091,16:11:57,4855,P,44307.7,20,2.43,127.56,28.06,94,-0.05,0.12,0,-36.38,-36.38,-36.38,0,,,,,,,,,,,,,,,
1091,16:11:57,4856,P,44307.7,20,2.44,127.56,28.06,94,-0.07,0.11,0.03,-36.75,-36.75,-36.75,0,,,,,,,,,,,,,,,
1091,16:11:57,4857,P,44307.7,20,2.43,127.56,44307.7,20,2.4,127.56,28.06,94,0,0.13,0.1,-36.75,-36.75,-36.75,0,,,,,,,,,,,
1091,16:11:58,4858,C,N,1.36,30.42,0.03,0:01:10,0,0,0,0,FS_LANDED,LS_CM,,,,,,,,,,,,,,,,,
1091,16:11:58,4859,P,44307.7,20,2.4,127.5,28.06,94,-0.16,0.06,0,-36.75,-36.75,-36.75,0,,,,,,,,,,,,,,,
1091,16:11:58,4860,P,44307.7,20,2.4,127.5,28,94,-0.04,0.15,0.01,-35.69,-35.69,-35.69,0,,,,,,,,,,,,,,,
1091,16:11:58,4861,P,44307.7,20,2.4,127.5,28,94,-0.14,0.08,-0.09,-36.75,-36.75,-36.75,0,,,,,,,,,,,,,,,
1091,16:11:59,4862,C,N,0.42,30.4,0.03,0:01:11,0,0,0,0,FS_LANDED,LS_CM,,,,,,,,,,,,,,,,,
1091,16:11:59,4863,P,44307.7,20,2.4,127.5,28,94,-0.11,0.06,-0.08,-36.75,-36.75,-36.75,0,,,,,,,,,,,,,,,
1091,16:12:00,4864,C,N,0.42,30.4,0.03,0:01:12,0,0,0,0,FS_LANDED,LS_CM,,,,,,,,,,,,,,,,,
1091,16:12:00,4865,P,44307.7,20,2.43,127.5,28,94,-0.06,0.12,-0.02,-36.38,-36.38,-36.38,0,,,,,,,,,,,,,,,
1091,16:12:01,4866,C,N,0.42,30.4,0.03,0:01:13,0,0,0,0,FS_LANDED,LS_CM,,,,,,,,,,,,,,,,,
1091,16:12:01,4867,P,44307.7,20,2.39,127.5,28,94,-0.09,0.09,-0.01,-36.75,-36.75,-36.75,0,,,,,,,,,,,,,,,
1091,16:12:01,4868,P,44307.7,20,2.43,127.5,28,93.94,-0.13,0.1,0.22,-37.19,-37.19,-37.19,0,,,,,,,,,,,,,,,
1091,16:12:01,4869,P,44307.7,20,2.39,127.5,28.06,93.94,0,0.17,0.06,-37.19,-37.19,-37.19,0,,,,,,,,,,,,,,,
1091,16:12:01,4870,P,44307.7,20,2.4,127.5,28.06,93.94,-0.11,0.06,-0.08,-36.75,-36.75,-36.75,0,,,,,,,,,,,,,,,
1091,16:12:02,4871,C,N,-0.25,30.39,0.03,0:01:14,0,0,0,0,FS_LANDED,LS_CM,,,,,,,,,,,,,,,,,
1091,16:12:02,4872,P,44307.7,20,2.43,127.5,28,94,-0.16,0.04,-0.13,-36.38,-36.38,-36.38,0,,,,,,,,,,,,,,,
1091,16:12:02,4873,P,44307.7,20,2.4,127.5,28,94,-0.11,0.11,-0.14,-36,-36,-36,0,,,,,,,,,,,,,,,
1091,16:12:02,4874,P,44307.7,20,2.42,127.5,28.06,94,-0.09,0.08,0.11,-37.19,-37.19,-37.19,0,,,,,,,,,,,,,,,
1091,16:12:03,4875,C,N,-0.25,30.39,0.03,0:01:15,0,0,0,0,FS_LANDED,LS_CM,,,,,,,,,,,,,,,,,
1091,16:12:03,4876,P,44307.7,20,2.43,127.5,28.06,94,-0.05,0.13,0.09,-36.75,-36.75,-36.75,0,,,,,,,,,,,,,,,
1091,16:12:03,4877,P,44307.7,20,2.42,127.5,28.06,94,-0.09,0.08,-0.05,-36.75,-36.75,-36.75,0,,,,,,,,,,,,,,,
1091,16:12:03,4878,P,44307.7,20,2.43,127.5,28.06,94,-0.16,0.05,0.03,-36.38,-36.38,-36.38,0,,,,,,,,,,,,,,,
1091,16:12:03,4879,P,44307.7,20.0044307.70,20,2.39,127.56,28.06,94,-0.17,0.09,-0.02,-36.38,-36.38,-36.38,0,,,,,,,,,,,,,,
1091,16:12:03,4880,P,44307.7,20,2.43,127.56,28.06,94,-0.08,0.1,-0.05,-37.19,-37.19,-37.19,0,,,,,,,,,,,,,,,
1091,16:12:04,4881,C,N,0.76,30.39,0.03,0:01:16,0,0,0,0,FS_LANDED,LS_CM,,,,,,,,,,,,,,,,,
1091,16:12:04,4882,P,44307.7,20,2.39,127.56,28.06,94,-0.08,0.11,-0.02,-36,-36,-36,0,,,,,,,,,,,,,,,
1091,16:12:05,4883,C,N,0.42,30.4,0.03,0:01:17,0,0,0,0,FS_LANDED,LS_CM,,,,,,,,,,,,,,,,,
1091,16:12:05,4884,P,44307.7,20,2.4,127.56,28.06,94,-0.13,0.08,-0.02,-36.38,-36.38,-36.38,0,,,,,,,,,,,,,,,
1091,16:12:05,4885,P,44307.7,20,2.4,127.56,28.06,94,-0.07,0.12,0.03,-36.75,-36.75,-36.75,0,,,,,,,,,,,,,,,
1091,16:12:05,4886,P,44307.7,20,2.4,127.56,28.06,94,-0.07,0.07,0,-36.75,-36.75,-36.75,0,,,,,,,,,,,,,,,
1091,16:12:06,4887,C,N,-0.59,30.4,0.03,0:01:18,0,0,0,0,FS_LANDED,LS_CM,,,,,,,,,,,,,,,,,
1091,16:12:06,4888,P,44307.7,20.0044307.70,20,2.4,127.56,28.06,94,-0.06,0.11,-0.04,-36.38,-36.38,-36.38,0,,,,,,,,,,,,,,
1091,16:12:06,4889,P,44307.7,20,2.39,127.56,28.06,94,-0.1,0.1,-0.05,-37.5,-37.5,-37.5,0,,,,,,,,,,,,,,,
1091,16:12:06,4890,P,44307.7,20,2.42,127.56,28.06,94,-0.1,0.08,0,-36.38,-36.38,-36.38,0,,,,,,,,,,,,,,,
1091,16:12:07,4891,C,N,0.42,30.4,0.03,0:01:19,0,0,0,0,FS_LANDED,LS_CM,,,,,,,,,,,,,,,,,
1091,16:12:07,4892,P,44307.7,20.044307.70,20,2.4,127.56,28.06,94,-0.07,0.1,0.01,-37.19,-37.19,-37.19,0,,,,,,,,,,,,,,
1091,16:12:07,4893,P,44307.7,20,2.4,127.56,28.06,94,-0.1,0.07,0,-37.5,-37.5,-37.5,0,,,,,,,,,,,,,,,
1091,16:12:07,4894,P,44307.7,20,2.42,127.56,28.06,94,-0.09,0.07,0,-36.75,-36.75,-36.75,0,,,,,,,,,,,,,,,
1091,16:12:08,4895,C,N,0.42,30.4,0.03,0:01:20,0,0,0,0,FS_LANDED,LS_CM,,,,,,,,,,,,,,,,,
1091,16:12:09,4896,C,N,1.02,30.42,0.03,0:01:21,0,0,0,0,FS_LANDED,LS_CM,,,,,,,,,,,,,,,,,
1091,16:12:09,4897,P,44307.7,20,2.39,127.56,28.06,94,-0.08,0.07,0,-36.75,-36.75,-36.75,0,,,,,,,,,,,,,,,
1091,16:12:09,4898,P,44307.7,20,2.42,127.56,28.06,94,-0.09,0.09,-0.02,-37.5,-37.5,-37.5,0,,,,,,,,,,,,,,,
1091,16:12:10,4899,C,N,0.08,30.4,0.03,0:01:22,0,0,0,0,FS_LANDED,LS_CM,,,,,,,,,,,,,,,,,
1091,16:12:10,4900,P,44307.7,20,2.39,127.56,28.06,94,-0.07,0.07,0.03,-37.5,-37.5,-37.5,0,,,,,,,,,,,,,,,
1091,16:12:10,4901,P,44307.7,20,2.43,127.56,28.06,94,-0.09,0.08,-0.04,-36.75,-36.75,-36.75,0,,,,,,,,,,,,,,,
1091,16:12:10,4902,P,44307.7,20,2.43,127.56,28.06,94,-0.11,0.06,-0.03,-37.19,-37.19,-37.19,0,,,,,,,,,,,,,,,
1091,16:12:11,4903,C,N,1.02,30.42,0.03,0:01:23,0,0,0,0,FS_LANDED,LS_CM,,,,,,,,,,,,,,,,,
1091,16:12:11,4904,P,44307.7,20,2.43,127.56,28.06,94,-0.1,0.1,-0.01,-37.19,-37.19,-37.19,0,,,,,,,,,,,,,,,
1091,16:12:11,4905,P,44307.7,20,2.39,127.56,28.06,94,-0.08,0.09,-0.01,-37.19,-37.19,-37.19,0,,,,,,,,,,,,,,,
1091,16:12:11,4906,P,44307.7,20,2.39,127.56,28.06,94,-0.1,0.08,-0.02,-36.38,-36.38,-36.38,0,,,,,,,,,,,,,,,
1091,16:12:12,4907,C,N,0.08,30.42,0.03,0:01:24,0,0,0,0,FS_LANDED,LS_CM,,,,,,,,,,,,,,,,,
1091,16:12:12,4908,P,44307.7,20.44307.70,20,2.43,127.56,28.06,94,-0.1,0.13,0,-37.19,-37.19,-37.19,0,,,,,,,,,,,,,,
1091,16:12:12,4909,P,44307.7,20,2.43,127.56,28.06,94,-0.04,0.1,-0.02,-37.19,-37.19,-37.19,0,,,,,,,,,,,,,,,
1091,16:12:12,4910,P,44307.7,20,2.4,127.56,28.06,94,-0.1,0.09,0.03,-36.38,-36.38,-36.38,0,,,,,,,,,,,,,,,
1091,16:12:12,4911,P,44307.7,20,-36.75,-36.75,-36.75,0,,,,,,,,,,,,,,,,,,,,,,
1091,16:12:12,4912,P,44307.7,20,2.39,127.56,28.06,94,-0.13,0.1,-0.04,-36.38,-36.38,-36.38,0,,,,,,,,,,,,,,,
1091,16:12:13,4913,C,N,0.42,30.4,0.03,0:01:25,0,0,0,0,FS_LANDED,LS_CM,,,,,,,,,,,,,,,,,
1091,16:12:13,4914,P,44307.7,20,2.39,127.56,28.06,94,-0.09,0.11,-0.02,-37.5,-37.5,-37.5,0,,,,,,,,,,,,,,,
1091,16:12:13,4915,P,44307.7,20,2.4,127.56,28.06,94,-0.11,0.1,-0.02,-36.38,-36.38,-36.38,0,,,,,,,,,,,,,,,
1091,16:12:13,4916,P,44307.7,20,2.39,127.56,28.06,94,-0.08,0.09,0.02,-35.25,-35.25,-35.25,0,1091,16:12:14,4917,C,N,0.08,30.42,0.03,0:01:26,0,0,0,0,FS_LANDED,LS_CM
1091,16:12:14,4918,P,44307.7,20.044307.70,20,2.42,127.5,28,94.06,-0.17,-0.07,-0.11,-37.88,-37.88,-37.88,0,,,,,,,,,,,,,,
1091,16:12:14,4919,P,44307.7,20,2.39,127.5,28,94.06,-0.12,0.14,0.02,-36.38,-36.38,-36.38,0,,,,,,,,,,,,,,,
1091,16:12:14,4920,P,44307.7,20,2.39,127.5,28,94.06,0.02,0.13,0,-36.75,-36.75,-36.75,0,,,,,,,,,,,,,,,
1091,16:12:14,4921,P,44307.7,20.0044307.70,20,2.41,127.44,28,94.06,-0.08,0.04,-0.05,-36.38,-36.38,-36.38,0,,,,,,,,,,,,,,
1091,16:12:14,4922,P,44307.7,20,2.39,127.44,27.94,94.06,-0.15,0.11,0.01,-36.75,-36.75,-36.75,0,,,,,,,,,,,,,,,
1091,16:12:15,4923,C,N,1.02,30.42,0.03,0:01:27,0,0,0,0,FS_LANDED,LS_CM,,,,,,,,,,,,,,,,,
1091,16:12:15,4924,P,44307.7,20,2.39,127.44,27.94,94.06,-0.01,0.09,-0.01,-37.19,-37.19,-37.19,0,,,,,,,,,,,,,,,
1091,16:12:15,4925,P,44307.7,20,2.4,127.38,27.94,94.06,-0.1,0.07,-0.01,-36,-36,-36,0,,,,,,,,,,,,,,,
